Method,Power,Sample Size,Avg Error,Avg Time,Variance,Avg Percent Error,Estimates
Importance Sampling,1,5,647707.9,0.04293116331100464,608522468727.9402,0.40180141562397254,"1755938.0, 2125566.0, 1282983.0, 818192.0, 1692664.0, 3294123.0, 880602.0, 2441507.0, 608739.0, 1415044.0, 3222268.0, 1933155.0, 2639141.0, 1436773.0, 787722.0, 2282125.0, 1189794.0, 1655913.0, 765756.0, 2321383.0"
Importance Sampling,1,100,112348.1,0.42138376235961916,16020990759.159998,0.06969441876911434,"1456042.0, 1480338.0, 1854362.0, 1640295.0, 1494059.0, 1393386.0, 1583282.0, 1458819.0, 1729603.0, 1745819.0, 1769856.0, 1601980.0, 1450867.0, 1524316.0, 1575710.0, 1633416.0, 1726828.0, 1499231.0, 1465891.0, 1682664.0"
Importance Sampling,1,500,55389.7,1.859234356880188,3563999284.6100006,0.03436064292405134,"1591694.0, 1738667.0, 1543077.0, 1553597.0, 1687135.0, 1648853.0, 1639327.0, 1710687.0, 1569125.0, 1550460.0, 1559722.0, 1553371.0, 1685225.0, 1704844.0, 1665899.0, 1676847.0, 1638529.0, 1595014.0, 1638127.0, 1637754.0"
Importance Sampling,1,1000,35766.5,3.615927827358246,1761218701.6100001,0.02218751744716224,"1630574.0, 1598378.0, 1554494.0, 1570046.0, 1627324.0, 1587539.0, 1551651.0, 1566192.0, 1676761.0, 1657652.0, 1666349.0, 1663800.0, 1607310.0, 1635868.0, 1536900.0, 1653070.0, 1612598.0, 1625321.0, 1619011.0, 1556468.0"
Importance Sampling,1,2000,24198.05,6.8792043089866635,730932936.6275,0.01501110414947798,"1581186.0, 1611572.0, 1634222.0, 1579582.0, 1605305.0, 1594348.0, 1614589.0, 1633205.0, 1659979.0, 1576346.0, 1651053.0, 1629820.0, 1634661.0, 1651584.0, 1594060.0, 1647358.0, 1639516.0, 1579525.0, 1601689.0, 1588413.0"
Importance Sampling,1,3000,14002.25,9.857013821601868,255760386.1875,0.008686205420561905,"1626868.0, 1620746.0, 1603738.0, 1594923.0, 1636338.0, 1588310.0, 1615437.0, 1583662.0, 1589004.0, 1635235.0, 1612525.0, 1625960.0, 1594648.0, 1599425.0, 1615304.0, 1622859.0, 1590138.0, 1609563.0, 1592589.0, 1614773.0"
Importance Sampling,1,4000,20539.05,12.710711359977722,681709243.6275,0.012741267113727583,"1625218.0, 1592718.0, 1580570.0, 1617702.0, 1641492.0, 1633689.0, 1598899.0, 1604224.0, 1659660.0, 1612170.0, 1583292.0, 1541836.0, 1607171.0, 1634100.0, 1613866.0, 1586885.0, 1639864.0, 1593411.0, 1624118.0, 1621928.0"
Importance Sampling,1.5,5,351655.35,0.02858757972717285,151641538258.84747,0.2181471268788655,"1885277.0, 1507974.0, 2026835.0, 1503612.0, 2124520.0, 1796574.0, 2025940.0, 1347959.0, 2085315.0, 2235773.0, 714760.0, 1996877.0, 1967215.0, 2035910.0, 1967077.0, 1380530.0, 1131302.0, 1701092.0, 1225159.0, 1668058.0"
Importance Sampling,1.5,100,67929.1,0.9252067089080811,6562102197.26,0.042139378787972775,"1577554.0, 1784789.0, 1636289.0, 1524289.0, 1624060.0, 1702598.0, 1493670.0, 1643795.0, 1685715.0, 1666483.0, 1624629.0, 1593150.0, 1723702.0, 1525111.0, 1520914.0, 1612756.0, 1562946.0, 1677517.0, 1509913.0, 1492184.0"
Importance Sampling,1.5,500,23880.25,5.403677654266358,989080630.2275,0.01481395897047785,"1606507.0, 1557515.0, 1580130.0, 1615193.0, 1632151.0, 1590507.0, 1615010.0, 1560587.0, 1601088.0, 1606752.0, 1662061.0, 1651856.0, 1610079.0, 1528493.0, 1603151.0, 1630932.0, 1635483.0, 1598982.0, 1633520.0, 1602850.0"
Importance Sampling,1.5,1000,20174.1,9.36160750389099,494967032.95,0.012514872736521484,"1599555.0, 1611093.0, 1602850.0, 1584560.0, 1593480.0, 1623203.0, 1650002.0, 1595728.0, 1598101.0, 1578643.0, 1565780.0, 1572280.0, 1639196.0, 1635872.0, 1592787.0, 1592158.0, 1610494.0, 1631405.0, 1589235.0, 1614468.0"
Importance Sampling,1.5,2000,16932.1,15.39579027891159,404273856.7900001,0.010503718959559805,"1594036.0, 1616461.0, 1619735.0, 1661508.0, 1623385.0, 1572688.0, 1598485.0, 1604972.0, 1629193.0, 1592499.0, 1595084.0, 1605607.0, 1622827.0, 1583466.0, 1605255.0, 1593561.0, 1621743.0, 1592690.0, 1638130.0, 1604037.0"
Importance Sampling,1.5,3000,12490.15,21.75225658416748,226593341.32750002,0.007748183944268336,"1627224.0, 1580327.0, 1617797.0, 1621885.0, 1636779.0, 1595428.0, 1597645.0, 1603835.0, 1637169.0, 1620205.0, 1617192.0, 1619092.0, 1603957.0, 1610237.0, 1627748.0, 1606489.0, 1614314.0, 1622203.0, 1618745.0, 1584592.0"
Importance Sampling,1.5,4000,8689.85,28.459510111808775,104883111.9275,0.005390692365431977,"1623376.0, 1604778.0, 1589955.0, 1617252.0, 1618807.0, 1625874.0, 1624808.0, 1624330.0, 1616098.0, 1623789.0, 1622494.0, 1605348.0, 1625862.0, 1616053.0, 1614452.0, 1609348.0, 1611948.0, 1605943.0, 1592554.0, 1611484.0"
Importance Sampling,1.974245170451723,5,185237.65,0.07618740797042847,47617412991.8275,0.11491098070111228,"1877127.0, 1600762.0, 1320074.0, 1792777.0, 1774594.0, 1521458.0, 1487756.0, 1463153.0, 1698758.0, 1709819.0, 1462611.0, 1265341.0, 2090817.0, 1541630.0, 1428064.0, 1970331.0, 1638345.0, 1846800.0, 1443490.0, 1384296.0"
Importance Sampling,1.974245170451723,100,59246.75,2.1297550201416016,4225787426.2875,0.03675333899913773,"1666603.0, 1712875.0, 1587396.0, 1558996.0, 1523325.0, 1546028.0, 1626905.0, 1531364.0, 1525147.0, 1493819.0, 1550743.0, 1514067.0, 1578710.0, 1603483.0, 1728684.0, 1614603.0, 1540723.0, 1578291.0, 1677805.0, 1606528.0"
Importance Sampling,1.974245170451723,500,23172.4,9.340293455123902,874797963.9,0.014374848791260603,"1598316.0, 1589442.0, 1587569.0, 1604852.0, 1584095.0, 1667539.0, 1660779.0, 1618154.0, 1585421.0, 1680889.0, 1622267.0, 1621594.0, 1595137.0, 1614859.0, 1616984.0, 1599065.0, 1621245.0, 1621745.0, 1647669.0, 1562359.0"
Importance Sampling,1.974245170451723,1000,18355.2,16.822765135765074,620519824.1899999,0.0113865298602366,"1642244.0, 1614279.0, 1666950.0, 1610694.0, 1598945.0, 1622424.0, 1651657.0, 1619942.0, 1612967.0, 1602414.0, 1636965.0, 1612906.0, 1596152.0, 1550073.0, 1622920.0, 1622143.0, 1628666.0, 1578071.0, 1598928.0, 1603642.0"
Importance Sampling,1.974245170451723,2000,13813.15,31.988523530960084,202217900.6875,0.008568898455964914,"1589681.0, 1585558.0, 1626200.0, 1599669.0, 1614702.0, 1608651.0, 1619808.0, 1615960.0, 1591045.0, 1607645.0, 1598312.0, 1625959.0, 1588516.0, 1610786.0, 1590281.0, 1585597.0, 1598443.0, 1624395.0, 1591832.0, 1623195.0"
Importance Sampling,1.974245170451723,3000,11038.15,44.56277506351471,152389268.7475,0.006847445115104744,"1627986.0, 1595116.0, 1625839.0, 1623605.0, 1603891.0, 1627614.0, 1603693.0, 1619034.0, 1607322.0, 1618866.0, 1625312.0, 1627611.0, 1585953.0, 1609014.0, 1606669.0, 1614440.0, 1624323.0, 1630820.0, 1599391.0, 1614402.0"
Importance Sampling,1.974245170451723,4000,7448.7,58.057473194599154,96208376.49,0.004620752972996447,"1602315.0, 1607208.0, 1620278.0, 1614460.0, 1616966.0, 1611215.0, 1598571.0, 1616081.0, 1613524.0, 1605644.0, 1621638.0, 1599442.0, 1620050.0, 1605006.0, 1617652.0, 1606926.0, 1619657.0, 1643410.0, 1608194.0, 1610221.0"
Importance Sampling,2,5,277322.55,0.08787647485733033,99713740767.12749,0.17203525412373372,"1869153.0, 1945385.0, 1058850.0, 2152389.0, 1800671.0, 1448429.0, 1629083.0, 1374205.0, 1760638.0, 2023785.0, 1562941.0, 1247175.0, 1151847.0, 1245895.0, 1981365.0, 1641823.0, 1746883.0, 1408401.0, 1948751.0, 1992308.0"
Importance Sampling,2,100,60313.0,2.1011738657951353,5118253874.309999,0.037414780305333094,"1522588.0, 1544756.0, 1591732.0, 1482387.0, 1560154.0, 1676237.0, 1534431.0, 1537123.0, 1677997.0, 1504615.0, 1601986.0, 1654421.0, 1552623.0, 1766999.0, 1617186.0, 1610754.0, 1583834.0, 1689885.0, 1623935.0, 1678543.0"
Importance Sampling,2,500,28691.95,9.557898688316346,1058248694.5475,0.017798866011997445,"1609369.0, 1588613.0, 1654632.0, 1582632.0, 1646234.0, 1667414.0, 1579063.0, 1620985.0, 1669488.0, 1629379.0, 1608419.0, 1576107.0, 1594868.0, 1633582.0, 1584343.0, 1590368.0, 1562621.0, 1659381.0, 1639934.0, 1594807.0"
Importance Sampling,2,1000,15269.25,17.985535442829132,327833892.92749995,0.009472180693668156,"1625514.0, 1623741.0, 1609299.0, 1598708.0, 1630326.0, 1615025.0, 1630580.0, 1605528.0, 1635516.0, 1641789.0, 1594340.0, 1605149.0, 1657673.0, 1604126.0, 1581645.0, 1622662.0, 1633643.0, 1598514.0, 1603845.0, 1609930.0"
Importance Sampling,2,2000,15231.85,32.24998226165771,334650569.5875,0.009448979845038182,"1607582.0, 1639557.0, 1611865.0, 1605422.0, 1619688.0, 1633427.0, 1583928.0, 1636176.0, 1637343.0, 1628760.0, 1590464.0, 1608285.0, 1627235.0, 1603108.0, 1596952.0, 1627593.0, 1614407.0, 1592608.0, 1608907.0, 1574448.0"
Importance Sampling,2,3000,14060.95,46.673769199848174,263118278.74750003,0.00872261958672713,"1595411.0, 1619670.0, 1619774.0, 1597677.0, 1607559.0, 1588716.0, 1609246.0, 1612379.0, 1594856.0, 1623759.0, 1585945.0, 1623472.0, 1620462.0, 1630747.0, 1628269.0, 1604135.0, 1629047.0, 1597100.0, 1630522.0, 1647783.0"
Importance Sampling,2,4000,9796.65,60.660662579536435,167135365.64749998,0.006077288602428025,"1606530.0, 1617890.0, 1614826.0, 1590026.0, 1610018.0, 1612739.0, 1601899.0, 1633620.0, 1606870.0, 1598869.0, 1634571.0, 1617237.0, 1580557.0, 1620691.0, 1618221.0, 1611836.0, 1619314.0, 1610183.0, 1628710.0, 1618922.0"
Importance Sampling (Submatrix Method),1,5,1879545.75,0.005730557441711426,3492488815210.6875,1.1659640759052363,"0.0, 0.0, 0.0, 0.0, 0.0, 0.0, 0.0, 0.0, 0.0, 0.0, 0.0, 0.0, 0.0, 0.0, 0.0, 0.0, 8574735.0, 0.0, 0.0, 0.0"
Importance Sampling (Submatrix Method),1,100,379340.4,0.03335099220275879,201537604001.96,0.23532136897413788,"1690756.0, 1803509.0, 1632498.0, 1874211.0, 1782519.0, 1245663.0, 1403011.0, 1039858.0, 1154968.0, 2033524.0, 2433662.0, 1437407.0, 1599962.0, 1027606.0, 1097866.0, 2337115.0, 1463020.0, 882530.0, 1975132.0, 848247.0"
Importance Sampling (Submatrix Method),1,500,137240.55,1.1084272384643554,22957204783.2475,0.08513628947711241,"1768667.0, 1436942.0, 1698624.0, 1624392.0, 1801700.0, 1459843.0, 1373364.0, 1773523.0, 1452894.0, 1588138.0, 1383509.0, 1452736.0, 1586860.0, 1403183.0, 1374447.0, 1776817.0, 1590835.0, 1792983.0, 1606769.0, 1454435.0"
Importance Sampling (Submatrix Method),1,1000,134182.05,3.2151060461997987,26301348294.0475,0.08323896874088871,"1535810.0, 1418263.0, 1493339.0, 1651443.0, 1785410.0, 1971441.0, 1672669.0, 1587575.0, 1561267.0, 1420001.0, 1629109.0, 1815670.0, 1729643.0, 1834383.0, 1441494.0, 1553803.0, 1387869.0, 1887732.0, 1546414.0, 1651976.0"
Importance Sampling (Submatrix Method),1,2000,97111.4,6.731793129444123,14102496668.960001,0.06024243025787681,"1724935.0, 1452236.0, 1382280.0, 1732469.0, 1655774.0, 1564055.0, 1560557.0, 1618638.0, 1665919.0, 1692289.0, 1692095.0, 1670322.0, 1594200.0, 1681316.0, 1807457.0, 1584055.0, 1907031.0, 1542720.0, 1480095.0, 1702221.0"
Importance Sampling (Submatrix Method),1,3000,50952.2,9.838462400436402,3618171697.75,0.03160786843754071,"1639807.0, 1703540.0, 1662205.0, 1687339.0, 1532867.0, 1627048.0, 1548362.0, 1629732.0, 1640126.0, 1552907.0, 1629114.0, 1616320.0, 1568437.0, 1675535.0, 1646161.0, 1735609.0, 1501953.0, 1544191.0, 1583976.0, 1631261.0"
Importance Sampling (Submatrix Method),1,4000,43609.35,11.294162166118621,3043071100.2875,0.027052778828915453,"1619669.0, 1725189.0, 1629279.0, 1513467.0, 1590707.0, 1583733.0, 1590102.0, 1626768.0, 1656383.0, 1602099.0, 1656115.0, 1627655.0, 1555512.0, 1589964.0, 1746459.0, 1665249.0, 1641189.0, 1656550.0, 1629611.0, 1534305.0"
Importance Sampling (Submatrix Method),1.5,5,2442893.45,0.004289257526397705,10348602736744.328,1.5154331858983505,"0.0, 0.0, 554124.0, 0.0, 0.0, 0.0, 0.0, 0.0, 10052192.0, 9437693.0, 0.0, 0.0, 0.0, 0.0, 0.0, 7353968.0, 0.0, 0.0, 0.0, 0.0"
Importance Sampling (Submatrix Method),1.5,100,334627.8,0.014815068244934082,113815885281.04,0.2075841961278156,"1518920.0, 1300724.0, 2052370.0, 1705388.0, 1256210.0, 1497808.0, 1281412.0, 1213919.0, 966086.0, 1365107.0, 1480826.0, 2093602.0, 2058769.0, 999130.0, 1355528.0, 1626823.0, 1110000.0, 1385056.0, 896356.0, 1337414.0"
Importance Sampling (Submatrix Method),1.5,500,89595.05,1.119226861000061,10147154372.447498,0.055579711043976146,"1385600.0, 1523781.0, 1616659.0, 1488107.0, 1516159.0, 1635563.0, 1479806.0, 1716790.0, 1568606.0, 1636381.0, 1560941.0, 1493314.0, 1578836.0, 1644359.0, 1426745.0, 1550476.0, 1507893.0, 1802102.0, 1686183.0, 1686088.0"
Importance Sampling (Submatrix Method),1.5,1000,71524.2,3.4421581506729124,7849322798.159999,0.04436957587111742,"1777180.0, 1570089.0, 1447470.0, 1602236.0, 1612963.0, 1645518.0, 1505829.0, 1732605.0, 1549437.0, 1629841.0, 1584340.0, 1577036.0, 1433091.0, 1695891.0, 1573537.0, 1588857.0, 1461567.0, 1540781.0, 1598800.0, 1697496.0"
Importance Sampling (Submatrix Method),1.5,2000,47042.45,6.854293167591095,3279136947.8275003,0.02918248025756664,"1716346.0, 1574041.0, 1593747.0, 1620508.0, 1649971.0, 1556750.0, 1590960.0, 1588744.0, 1643392.0, 1658329.0, 1531698.0, 1643754.0, 1745199.0, 1654919.0, 1580795.0, 1567980.0, 1611453.0, 1522414.0, 1641583.0, 1538590.0"
Importance Sampling (Submatrix Method),1.5,3000,30057.2,9.750151467323303,1413961321.26,0.018645790038523336,"1530352.0, 1594485.0, 1681052.0, 1588126.0, 1596651.0, 1543422.0, 1666894.0, 1615356.0, 1591058.0, 1599134.0, 1582726.0, 1578119.0, 1582302.0, 1600832.0, 1620956.0, 1612295.0, 1625762.0, 1593075.0, 1680955.0, 1593904.0"
Importance Sampling (Submatrix Method),1.5,4000,34804.7,11.175673305988312,1880033621.44,0.0215908710243733,"1723148.0, 1571748.0, 1605618.0, 1622939.0, 1558251.0, 1609697.0, 1565934.0, 1627386.0, 1621440.0, 1599921.0, 1546037.0, 1669758.0, 1586612.0, 1625641.0, 1560594.0, 1633615.0, 1673586.0, 1592932.0, 1571413.0, 1580702.0"
Importance Sampling (Submatrix Method),1.974245170451723,5,1624792.3,0.005296683311462403,2908584303153.81,1.007929417311307,"0.0, 0.0, 0.0, 0.0, 0.0, 0.0, 2523955.0, 3741572.0, 0.0, 6757825.0, 0.0, 996634.0, 0.0, 0.0, 2231984.0, 1106976.0, 0.0, 0.0, 0.0, 0.0"
Importance Sampling (Submatrix Method),1.974245170451723,100,317027.0,0.12309808731079101,124294701634.48999,0.19666565343887446,"1974791.0, 1582601.0, 2357923.0, 1895584.0, 1078355.0, 1440834.0, 1125095.0, 1809254.0, 1399426.0, 1802554.0, 1199571.0, 1409497.0, 1076697.0, 1583267.0, 1494622.0, 1264340.0, 901498.0, 1240126.0, 1322910.0, 1723193.0"
Importance Sampling (Submatrix Method),1.974245170451723,500,140091.75,1.3216668963432312,14400657428.6875,0.0869050129961973,"1824049.0, 1393453.0, 1428258.0, 1684534.0, 1440692.0, 1520475.0, 1427703.0, 1711020.0, 1477817.0, 1564894.0, 1438908.0, 1546016.0, 1508687.0, 1364610.0, 1680422.0, 1575352.0, 1428161.0, 1481563.0, 1426694.0, 1419027.0"
Importance Sampling (Submatrix Method),1.974245170451723,1000,49538.55,2.7648736357688906,4336580178.0275,0.030730919783376033,"1596520.0, 1649925.0, 1511039.0, 1568574.0, 1456086.0, 1629158.0, 1726571.0, 1677438.0, 1615237.0, 1642944.0, 1579932.0, 1669368.0, 1560153.0, 1636133.0, 1574062.0, 1628601.0, 1648017.0, 1611249.0, 1466846.0, 1608160.0"
Importance Sampling (Submatrix Method),1.974245170451723,2000,48000.5,5.366603708267212,3334561259.71,0.029776800392057122,"1619466.0, 1565866.0, 1582519.0, 1577723.0, 1580353.0, 1541193.0, 1597634.0, 1578553.0, 1703247.0, 1683687.0, 1600402.0, 1591222.0, 1579949.0, 1654338.0, 1529827.0, 1556347.0, 1650240.0, 1604853.0, 1502627.0, 1742020.0"
Importance Sampling (Submatrix Method),1.974245170451723,3000,41735.3,8.08023235797882,2185314896.64,0.025890224006054553,"1571891.0, 1535128.0, 1512850.0, 1627026.0, 1577945.0, 1636668.0, 1551496.0, 1583738.0, 1613329.0, 1575195.0, 1589112.0, 1636017.0, 1685795.0, 1662512.0, 1599065.0, 1662374.0, 1570002.0, 1592842.0, 1547467.0, 1669676.0"
Importance Sampling (Submatrix Method),1.974245170451723,4000,29408.95,9.635288774967194,1487056291.7275,0.01824365233466294,"1585952.0, 1583322.0, 1610167.0, 1615553.0, 1622884.0, 1623972.0, 1610868.0, 1571557.0, 1705074.0, 1595587.0, 1612530.0, 1610281.0, 1625103.0, 1688165.0, 1564660.0, 1579473.0, 1558731.0, 1572678.0, 1656227.0, 1566093.0"
Importance Sampling (Submatrix Method),2,5,2068551.0,0.008969974517822266,18986862837077.35,1.2832122629512224,"896590.0, 1542506.0, 0.0, 2438427.0, 0.0, 679025.0, 0.0, 75418.0, 0.0, 0.0, 0.0, 1790149.0, 2280820.0, 97596.0, 0.0, 0.0, 0.0, 1805639.0, 20227020.0, 0.0"
Importance Sampling (Submatrix Method),2,100,302706.85,0.05444521903991699,130013778247.3875,0.18778224080495776,"1436243.0, 1474577.0, 2248935.0, 2046836.0, 1798444.0, 1827195.0, 1672726.0, 900122.0, 1960136.0, 1831507.0, 1285725.0, 1246043.0, 1319435.0, 1704529.0, 1532421.0, 1658120.0, 1872723.0, 1245568.0, 1228960.0, 2326100.0"
Importance Sampling (Submatrix Method),2,500,142695.7,1.1291411876678468,24776767499.59,0.0885203565734704,"1719229.0, 1874230.0, 1727927.0, 1467401.0, 1652390.0, 1384429.0, 1787101.0, 1500072.0, 1663233.0, 1411158.0, 1888392.0, 1514442.0, 1577513.0, 1456266.0, 1796568.0, 1493136.0, 1468634.0, 1693536.0, 1418181.0, 1742540.0"
Importance Sampling (Submatrix Method),2,1000,66548.1,3.596953773498535,8643080259.2,0.04128268435059336,"1664318.0, 1616156.0, 1579204.0, 1844547.0, 1608386.0, 1666564.0, 1610038.0, 1620070.0, 1468572.0, 1641517.0, 1564534.0, 1623776.0, 1699431.0, 1574149.0, 1631747.0, 1478241.0, 1707104.0, 1734684.0, 1418965.0, 1631177.0"
Importance Sampling (Submatrix Method),2,2000,51221.55,6.777761220932007,4504401708.9475,0.03177495797172474,"1555430.0, 1548640.0, 1706674.0, 1591060.0, 1626968.0, 1560008.0, 1574518.0, 1500001.0, 1647660.0, 1614437.0, 1586905.0, 1630094.0, 1684962.0, 1808886.0, 1555425.0, 1550984.0, 1559993.0, 1626199.0, 1577169.0, 1609356.0"
Importance Sampling (Submatrix Method),2,3000,39724.55,9.578960859775544,1977719398.9274998,0.02464286822042047,"1550415.0, 1545905.0, 1583998.0, 1666207.0, 1676635.0, 1601117.0, 1662806.0, 1575449.0, 1634866.0, 1667724.0, 1675195.0, 1623541.0, 1580213.0, 1560658.0, 1552415.0, 1665771.0, 1625030.0, 1598932.0, 1649032.0, 1603214.0"
Importance Sampling (Submatrix Method),2,4000,36825.85,11.679771053791047,1577849627.8274999,0.02284467838288844,"1650249.0, 1552834.0, 1668144.0, 1636423.0, 1639262.0, 1665873.0, 1618683.0, 1558136.0, 1654172.0, 1645530.0, 1658115.0, 1631713.0, 1575758.0, 1575784.0, 1583812.0, 1546823.0, 1594105.0, 1588799.0, 1645153.0, 1576729.0"
Variance Reduction,1,5,275811.39094347955,2.071780574321747,192318004355.4545,0.17109781635565505,"1592710.728489941, 1817591.0021558944, 1875086.8563278199, 2263973.2004117905, 1258100.0216655263, 1596959.0975276807, 837625.0857639532, 2868714.607341548, 1694493.720248551, 1710264.3593090728, 1620956.5918705098, 2692374.70765133, 1592270.0900183555, 2126551.2866442595, 1608959.358599021, 1556522.3302685854, 1615568.4255006043, 1652629.31869879, 1597904.0918237735, 1667114.5468662567"
Variance Reduction,1,100,304841.52874997596,2.1342702746391295,486047393856.193,0.18910647499083502,"1779270.9242811056, 1882368.0805518164, 1690385.031318795, 1891154.168346743, 1728747.3506411293, 1817815.7236707027, 1755880.6126254108, 1597641.3219968749, 1578438.5286274406, 1686472.4544858283, 2073424.6673150717, 1737053.9027731179, 1638000.93715782, 1887157.1377919782, 1700343.953748549, 1746695.9940590125, 1772883.5745390325, 1800368.884585912, -1387263.120655111, 1865763.907076698"
Variance Reduction,1,500,296746.25975439063,2.3489720821380615,130672436359.92203,0.18408462711421805,"1798008.8298660945, 798446.125194584, 1414199.9755525067, 1035109.3210433315, 1836062.3647200514, 1779216.8513445265, 852468.4174804447, 1433993.9399866771, 1841611.591387569, 1560071.9670693201, 1789947.3201084116, 1805326.9204930821, 1829313.5770229965, 1703485.4554125508, 1826677.9916634716, 1585796.63221429, 1868510.4909218329, 880329.2517478123, 1171978.3385866277, 1410842.2289771803"
Variance Reduction,1,1000,173391.26155375736,2.573778820037842,52263807456.78181,0.10756215008204499,"1689102.7120939589, 1836006.5023913302, 1268599.2172048562, 1764554.2755327288, 1793506.102477526, 965469.7574697457, 1645800.7504251825, 1199419.0071864966, 1469256.975937578, 1625683.357615506, 1836129.9384471157, 1626788.8086545076, 1539206.8587968384, 1445673.8055502528, 1806506.853992522, 1787425.8569881653, 1742807.667228683, 1699062.6645291746, 1781875.1876567595, 1616280.1751877547"
Variance Reduction,1,2000,119002.08598784562,3.0609110236167907,20483529980.657585,0.07382217603355168,"1685258.0330291104, 1538673.021989988, 1576827.9355905342, 1497135.4103884173, 1618862.4678429526, 1598560.818230118, 1852386.618326985, 1508586.2623182777, 1674012.506205214, 1810719.6950901488, 1712657.8065419386, 1854774.5921604403, 1857470.190438219, 1747672.4974082818, 1747367.3534353215, 1639583.2406380011, 1683689.240596051, 1611827.9665525563, 1347672.2677373176, 1377088.8391485426"
Variance Reduction,1,3000,115022.05011599856,3.6167635202407835,24752295704.185078,0.0713531864665843,"1534810.9109972594, 1776996.4528988802, 1158057.4378488183, 1738109.008285654, 1512336.4429252092, 1653197.6078240534, 1277197.0769287029, 1606189.2446431965, 1627784.3784055552, 1677977.8263549253, 1473387.351793886, 1673330.381501729, 1538267.145537911, 1799650.5416043627, 1747212.6998302862, 1721925.7400821436, 1619777.393050015, 1731502.2828565761, 1644670.076530603, 1660612.2237701705"
Variance Reduction,1,4000,80820.52203846264,4.04882242679596,7956278439.989418,0.05013648925159438,"1723982.610970933, 1627742.837644777, 1699073.3390924942, 1763069.704593995, 1715859.43987508, 1450505.3490063811, 1655110.6245598085, 1793746.6445798252, 1679602.8067558778, 1702292.118920671, 1649473.3809142422, 1531029.7905594094, 1619609.8991959912, 1520155.3483698566, 1496595.5492573616, 1645387.0580997868, 1603979.721302978, 1696524.1658145718, 1745551.202802498, 1621750.365444688"
Importance Sampling,0,5,1689836.75,0.007613444328308105,3842448875242.3267,1.0482793220885729,"2641236.0, 6955427.0, 3428841.0, 433250.0, 228338.0, 554689.0, 3703493.0, 575961.0, 2148209.0, 3690838.0, 240724.0, 326351.0, 281383.0, 4718898.0, 123324.0, 318811.0, 4074004.0, 4414896.0, 703863.0, 1807587.0"
Importance Sampling,0,100,281639.2,0.06388685703277588,119587985169.86002,0.17471306009267934,"2254825.0, 1504917.0, 1173585.0, 1600386.0, 1780229.0, 1395366.0, 1603294.0, 2113743.0, 1534469.0, 1552066.0, 2209561.0, 1695854.0, 1062432.0, 1286515.0, 2090236.0, 1169707.0, 1554638.0, 1330621.0, 1898976.0, 1909316.0"
Importance Sampling,0,500,109928.45,0.37232897281646726,19372364310.3875,0.0681934045074162,"1593614.0, 1665050.0, 1780768.0, 1548843.0, 1513566.0, 1669030.0, 1569733.0, 1506565.0, 1707907.0, 1653712.0, 1693076.0, 1210520.0, 1797718.0, 1864044.0, 1732932.0, 1731923.0, 1691522.0, 1589147.0, 1522985.0, 1510120.0"
Importance Sampling,0,1000,73765.7,0.6310715556144715,7877272082.139999,0.04576007593005006,"1599579.0, 1737225.0, 1715635.0, 1667837.0, 1704503.0, 1596443.0, 1619410.0, 1699277.0, 1571390.0, 1804179.0, 1596197.0, 1606019.0, 1590665.0, 1585746.0, 1685756.0, 1733514.0, 1649095.0, 1647561.0, 1886449.0, 1481048.0"
Importance Sampling,0,2000,58796.7,1.2018104076385498,5187295015.96,0.03647415338614525,"1713555.0, 1579691.0, 1564181.0, 1564194.0, 1707907.0, 1560903.0, 1746361.0, 1701419.0, 1593741.0, 1538377.0, 1655461.0, 1668131.0, 1664483.0, 1638254.0, 1606096.0, 1588185.0, 1440711.0, 1541341.0, 1583421.0, 1617184.0"
Importance Sampling,0,3000,42658.5,1.7444468855857849,2686649264.0600004,0.026462925167958017,"1536567.0, 1622595.0, 1621750.0, 1654384.0, 1681312.0, 1521348.0, 1617972.0, 1589038.0, 1590461.0, 1599047.0, 1596964.0, 1642906.0, 1696923.0, 1540022.0, 1637289.0, 1532839.0, 1535791.0, 1641951.0, 1681838.0, 1620347.0"
Importance Sampling,0,4000,41110.95,2.3153030395507814,2760187346.5275006,0.02550291251294967,"1578292.0, 1576132.0, 1626931.0, 1592667.0, 1564387.0, 1510885.0, 1617658.0, 1559945.0, 1651554.0, 1602584.0, 1736857.0, 1621564.0, 1635793.0, 1618852.0, 1622571.0, 1579936.0, 1673871.0, 1667595.0, 1572946.0, 1710767.0"
Uniform Sampling,0,5,1689836.75,0.007613444328308105,3842448875242.3267,1.0482793220885729,"2641236.0, 6955427.0, 3428841.0, 433250.0, 228338.0, 554689.0, 3703493.0, 575961.0, 2148209.0, 3690838.0, 240724.0, 326351.0, 281383.0, 4718898.0, 123324.0, 318811.0, 4074004.0, 4414896.0, 703863.0, 1807587.0"
Uniform Sampling,0,100,281639.2,0.06388685703277588,119587985169.86002,0.17471306009267934,"2254825.0, 1504917.0, 1173585.0, 1600386.0, 1780229.0, 1395366.0, 1603294.0, 2113743.0, 1534469.0, 1552066.0, 2209561.0, 1695854.0, 1062432.0, 1286515.0, 2090236.0, 1169707.0, 1554638.0, 1330621.0, 1898976.0, 1909316.0"
Uniform Sampling,0,500,109928.45,0.37232897281646726,19372364310.3875,0.0681934045074162,"1593614.0, 1665050.0, 1780768.0, 1548843.0, 1513566.0, 1669030.0, 1569733.0, 1506565.0, 1707907.0, 1653712.0, 1693076.0, 1210520.0, 1797718.0, 1864044.0, 1732932.0, 1731923.0, 1691522.0, 1589147.0, 1522985.0, 1510120.0"
Uniform Sampling,0,1000,73765.7,0.6310715556144715,7877272082.139999,0.04576007593005006,"1599579.0, 1737225.0, 1715635.0, 1667837.0, 1704503.0, 1596443.0, 1619410.0, 1699277.0, 1571390.0, 1804179.0, 1596197.0, 1606019.0, 1590665.0, 1585746.0, 1685756.0, 1733514.0, 1649095.0, 1647561.0, 1886449.0, 1481048.0"
Uniform Sampling,0,2000,58796.7,1.2018104076385498,5187295015.96,0.03647415338614525,"1713555.0, 1579691.0, 1564181.0, 1564194.0, 1707907.0, 1560903.0, 1746361.0, 1701419.0, 1593741.0, 1538377.0, 1655461.0, 1668131.0, 1664483.0, 1638254.0, 1606096.0, 1588185.0, 1440711.0, 1541341.0, 1583421.0, 1617184.0"
Uniform Sampling,0,3000,42658.5,1.7444468855857849,2686649264.0600004,0.026462925167958017,"1536567.0, 1622595.0, 1621750.0, 1654384.0, 1681312.0, 1521348.0, 1617972.0, 1589038.0, 1590461.0, 1599047.0, 1596964.0, 1642906.0, 1696923.0, 1540022.0, 1637289.0, 1532839.0, 1535791.0, 1641951.0, 1681838.0, 1620347.0"
Uniform Sampling,0,4000,41110.95,2.3153030395507814,2760187346.5275006,0.02550291251294967,"1578292.0, 1576132.0, 1626931.0, 1592667.0, 1564387.0, 1510885.0, 1617658.0, 1559945.0, 1651554.0, 1602584.0, 1736857.0, 1621564.0, 1635793.0, 1618852.0, 1622571.0, 1579936.0, 1673871.0, 1667595.0, 1572946.0, 1710767.0"
Importance Sampling (Submatrix Method),0,5,1612010.0,0.003872978687286377,0.0,1.0,"0.0, 0.0, 0.0, 0.0, 0.0, 0.0, 0.0, 0.0, 0.0, 0.0, 0.0, 0.0, 0.0, 0.0, 0.0, 0.0, 0.0, 0.0, 0.0, 0.0"
Importance Sampling (Submatrix Method),0,100,1030723.0,0.039085209369659424,1882260853039.4,0.6394023610275371,"1383696.0, 1054244.0, 1186025.0, 2240270.0, 1713148.0, 790683.0, 1383696.0, 1383696.0, 5007663.0, 3096844.0, 922464.0, 4348760.0, 724793.0, 2569722.0, 922464.0, 2437941.0, 329451.0, 1581367.0, 4744102.0, 329451.0"
Importance Sampling (Submatrix Method),0,500,348791.65,1.4059194207191468,142120591528.72748,0.21637064906545245,"1372626.0, 1504934.0, 1116445.0, 1320441.0, 2114288.0, 1046865.0, 1201312.0, 1031578.0, 815985.0, 1653056.0, 1276163.0, 1669396.0, 1090616.0, 1723163.0, 2172271.0, 1840711.0, 929316.0, 1480159.0, 1560282.0, 1877610.0"
Importance Sampling (Submatrix Method),0,1000,323392.0,2.8245089054107666,178443695509.71002,0.20061414011079332,"2200406.0, 1460854.0, 1207308.0, 2944308.0, 1344689.0, 1431269.0, 1138848.0, 963250.0, 1477853.0, 1587561.0, 1816266.0, 1676513.0, 1550596.0, 1254024.0, 1252574.0, 1313391.0, 1570034.0, 1151367.0, 1315829.0, 1494326.0"
Importance Sampling (Submatrix Method),0,2000,234376.7,5.408331120014191,76756512387.29001,0.14539407323775905,"1471487.0, 1415892.0, 2143807.0, 1107467.0, 1578937.0, 1225815.0, 1395705.0, 1702968.0, 1171521.0, 2076640.0, 1411098.0, 1553858.0, 1640108.0, 1170220.0, 1750433.0, 1880122.0, 1604536.0, 1563247.0, 1419186.0, 1313655.0"
Importance Sampling (Submatrix Method),0,3000,201042.7,10.690839302539825,51749881570.11,0.12471554146686437,"1401411.0, 1562142.0, 1916488.0, 1413874.0, 1655394.0, 1800996.0, 1293939.0, 1455219.0, 1434983.0, 1255064.0, 1260681.0, 1345489.0, 1527813.0, 1600831.0, 1912947.0, 1675558.0, 1835496.0, 1775265.0, 1802641.0, 1973495.0"
Importance Sampling (Submatrix Method),0,4000,133881.55,12.539306581020355,28667955200.7875,0.0830525555052388,"1843397.0, 1485346.0, 1616488.0, 1424040.0, 1573766.0, 1635620.0, 1645626.0, 1575301.0, 1401766.0, 1631516.0, 1637218.0, 1820585.0, 1629948.0, 1451926.0, 1243482.0, 1502861.0, 1966630.0, 1553264.0, 1399472.0, 1362193.0"
Variance Reduction + Importance Sampling,0,5,1934901.3439339865,2.0801637411117553,42817033827347.336,1.2003035613513482,"1608526.8663133958, 3625227.3682571636, 1588686.1430741975, 1584427.6859946866, 1456412.8654099333, 2691502.976903101, 2877152.151185978, 2739444.5496211685, 1613866.251305836, 2722113.9358880105, 2191511.268290173, 1702502.8513302917, 1532772.732029412, 2338347.959701018, 2281846.907364192, 1570761.363969688, 1546480.2884634186, 1707473.0269416329, -27844909.533673707, 1698236.0434721967"
Variance Reduction + Importance Sampling,0,100,453052.48120828375,2.1311968207359313,638260941311.8845,0.28104818283278876,"-1347031.9817377953, 1859318.996826898, 1844260.013148968, 1662849.2268782218, 954380.8969673566, 1802456.3516189912, 1382893.1509508807, -11173.38510668526, 1614842.0946518872, 1772594.6198711384, 1771385.7093022575, 511224.2345862721, 1771403.9330857827, 1760423.9104567931, 1791793.6200908094, 1742037.4054585556, 1696228.9894766163, 1760108.9091524035, 1917356.9830810854, 1904381.7767252962"
Variance Reduction + Importance Sampling,1,5,418530.5535546937,2.0887399435043337,415187075989.96326,0.25963272780857044,"1552166.7915048895, 1596402.1291900661, 1829151.2088394433, 1743136.3208834596, 1341630.2329302079, 1125692.4840331015, 1902991.6399395599, 1818920.677854473, 2653694.950852871, -738870.135692462, 1935033.3800751253, 1850141.8490265969, 1767062.8441994842, 2036980.6161299793, 1788357.1067309233, 2217248.9668147517, 2138922.3168634274, 1526601.346849398, 2079430.6082594988, 1909241.433439481"
Variance Reduction + Importance Sampling,1,100,133859.66400887008,2.3326518654823305,29526196528.548058,0.08303897867188793,"1603050.3467044819, 1704269.0615526706, 1589167.431468767, 1656644.133358215, 1778033.2208918997, 1733265.0102229074, 1629488.8579900628, 1216767.6367248893, 1812801.128508806, 1535429.527883549, 1736967.5357719318, 1610491.9305657586, 1475360.6592772258, 1748042.1584260461, 1271244.050650445, 1864203.6710296825, 1607807.5493560534, 1368626.791395858, 1736559.9841670955, 1445135.557714888"
Variance Reduction + Importance Sampling,1.5,5,216452.56194989514,2.097552943229675,135547600382.37935,0.13427494987617644,"1426013.7464636425, 1605744.0070698904, 1712928.0353305747, 1794003.051565843, 1613180.0825732935, 1566385.109744799, 1380619.3269275066, 1635211.2396599678, 1831936.7912482612, 1807556.5362349406, 1777771.030393567, 1743192.1074156237, 1243875.7962737598, 139933.30372779103, 1645771.57552195, 1642398.2137307164, 1332839.0686804946, 1682211.7006895992, 1256428.5906643893, 1842769.8241858392"
Variance Reduction + Importance Sampling,1.5,100,82774.53778594789,2.7286161303520204,10706535196.815748,0.05134865030982928,"1653213.7143716204, 1588211.2822937036, 1520625.6647458933, 1478450.6412382752, 1679066.6971655276, 1672936.2378882235, 1362974.9805326206, 1792592.523956608, 1581493.047464288, 1681325.8232875522, 1620456.7106939114, 1652845.722974535, 1643504.2921249375, 1462504.4055687857, 1685907.256440971, 1747830.486959763, 1636788.0272286946, 1782108.3654594023, 1662433.8687547988, 1634821.0502559787"
Variance Reduction + Importance Sampling,1.974245170451723,5,268793.3270343019,2.1706889033317567,92609944688.30724,0.16674420570238518,"1892885.4230889706, 1154096.0354430897, 1330867.5280349844, 1876331.3236398224, 1591594.2956294536, 1256138.5438859037, 2050149.2368100162, 1183297.4312894938, 1510261.5572496566, 1145078.6651280744, 2007707.8055087265, 1747937.6952732948, 1645866.5590590166, 1085539.189392496, 1904480.9060839594, 1733990.471402442, 1466835.9363051837, 1203954.5749864, 1465642.1552381038, 1685803.0324026283"
Variance Reduction + Importance Sampling,1.974245170451723,100,66425.53735613347,3.4255892872810363,7403777899.268503,0.04120665340545869,"1636310.2936359902, 1585828.8414314145, 1461243.16605646, 1650314.6899867617, 1634779.8295854137, 1399173.0619885419, 1621632.595747211, 1711596.4035475932, 1679159.9430950687, 1704109.2241387458, 1621521.3219706307, 1632663.1086308688, 1487081.8672764192, 1507575.3829637896, 1536618.618762065, 1662039.712138689, 1448905.30380735, 1632204.6646918384, 1597207.4036895481, 1613852.6059294466"
Variance Reduction + Importance Sampling,2,5,207390.71173363854,2.1557268023490908,62971334658.45386,0.1286534895773839,"1548231.5815503707, 1209717.4032686127, 1216212.3481157916, 1060450.0368175039, 1577075.239268302, 1696581.171913462, 1857306.829791408, 1646486.563175889, 1944684.1819161568, 1378303.9847748599, 1780475.1863321105, 1751943.8918473916, 1357446.203500294, 1779259.0115345074, 1897505.988410239, 1818128.288731087, 1956905.5532604877, 1537525.7964366535, 1536077.6502916187, 1663597.8117840386"
Variance Reduction + Importance Sampling,2,100,52669.334644766524,3.524819350242615,4789428399.8895235,0.03267308183247407,"1541951.3142947173, 1657461.3183321815, 1583245.3633305458, 1600245.2109957512, 1647448.701026154, 1433443.1932942916, 1602791.409249777, 1582508.938861727, 1656072.3977634518, 1594125.9472197408, 1656361.882449779, 1489860.2410426026, 1465529.315069801, 1590900.73828533, 1698296.0306925166, 1600591.6262205096, 1661939.1953172532, 1686272.4883549635, 1603895.9583694355, 1630583.9351932602"
Variance Reduction + Importance Sampling,0,500,253528.00272713564,2.343699312210083,119821616129.486,0.15727446028693098,"1030829.5122045561, 1843454.1124733153, 1543885.2137701546, 1413846.4119556707, 1768008.5473083116, 1831336.5763688248, 1647743.0334552585, 1834908.816987979, 1584902.5503488462, 1732133.6325949884, 1874396.3716261908, 1746793.8249010444, 477230.94722172915, 1811058.1027160038, 1216345.4450238186, 1883609.048428838, 1721412.533215755, 1801528.8909999263, 1898040.553118251, 1839256.090872802"
Variance Reduction + Importance Sampling,0,1000,138831.31392884505,2.596925234794617,25876830456.442146,0.08612310961398817,"1833888.405068213, 1635202.579544735, 1652948.4825228055, 1812052.6451109645, 1404820.4913444847, 1728967.25733318, 1779246.824443837, 1800716.7376256464, 1435724.6308261137, 1271298.1053847207, 1823748.7477168164, 1879832.264512172, 1637985.3739765836, 1740296.411830018, 1639919.9855137488, 1804793.0693669803, 1579874.4688033324, 1533062.6471408175, 1485617.5701730356, 1610514.5923162943"
Variance Reduction + Importance Sampling,1,500,63974.874120051485,3.531904625892639,6632988616.212584,0.039686400282908596,"1518808.849522828, 1646013.7619870678, 1691295.152455491, 1638173.319595119, 1635511.6855473516, 1664496.0610226935, 1589443.5298794329, 1589622.6512209158, 1646723.3207550829, 1382426.3126844289, 1585832.9214320395, 1691759.9256779088, 1687690.4932030507, 1628450.891170579, 1482708.1663062694, 1589526.4272258116, 1678992.6831971763, 1561611.8052927528, 1542728.74699214, 1737119.598346128"
Variance Reduction + Importance Sampling,1,1000,48537.91951683146,5.0117899656295775,3370411988.8199234,0.030110185120955497,"1614086.6443438085, 1486713.1271732943, 1557921.735437759, 1612405.8199958382, 1658387.952527779, 1654043.9313681265, 1657708.5871243717, 1601108.7064457105, 1669107.780088893, 1590760.3349467341, 1608231.4551931878, 1643976.64263138, 1703313.3536439568, 1558509.4649771655, 1535597.4761991275, 1704162.7409979922, 1542667.2100547822, 1579763.7341303055, 1670059.0561004113, 1555220.8739278615"
Variance Reduction + Importance Sampling,1.5,500,38833.773270375445,5.9280173778533936,2266589614.093497,0.024090280625042926,"1662674.9836685846, 1599545.2347323569, 1584804.9135884207, 1573376.3103794667, 1524713.0487280462, 1540105.2757056411, 1678941.6561363973, 1602651.5159678033, 1613877.8426179003, 1641031.9882422423, 1595861.1181326953, 1621351.640274344, 1615445.5927433446, 1694086.4478524104, 1584367.4227542954, 1519935.3368030267, 1614624.0877160535, 1627055.7718478993, 1547382.1991364623, 1543692.1697634526"
Variance Reduction + Importance Sampling,1.5,1000,23463.447886002912,9.166821241378784,758119074.837426,0.014555398468993933,"1621846.0853737928, 1639719.4623198286, 1661113.0526404742, 1618548.4332596788, 1631677.7639164273, 1552873.2672174408, 1570720.277896255, 1586819.27769784, 1618241.0652724013, 1648997.7669872742, 1593069.8208483998, 1607780.916423207, 1600597.9703615785, 1638360.9579893555, 1630063.403171628, 1592307.848610677, 1624258.2822981712, 1597906.9547394228, 1579060.4086010263, 1641599.4268868736"
Variance Reduction + Importance Sampling,1.974245170451723,500,30058.10261154396,9.145654940605164,1106411811.242885,0.018646349967769406,"1637340.159301403, 1627156.1331179377, 1635663.0218134148, 1641016.6301349069, 1635650.6194037062, 1642780.6369225907, 1665058.1525224538, 1643986.993658782, 1654542.503402549, 1544223.7555271706, 1586089.757123905, 1557422.1652915555, 1628015.0118060156, 1586134.108758046, 1593849.5700110244, 1580404.2186150744, 1572858.343186494, 1630378.0964382205, 1623921.9356270556, 1595325.9234048866"
Variance Reduction + Importance Sampling,1.974245170451723,1000,22004.47131930445,16.182563889026643,680844972.5275586,0.01365033177170393,"1575461.6171421984, 1586834.7442778295, 1597793.669308454, 1632273.9715476632, 1639495.044867456, 1642001.4428967095, 1623104.2477737253, 1594503.0716548746, 1622406.6735274668, 1577142.664539471, 1681546.7276125674, 1597358.4357123477, 1596865.1236670474, 1612339.033606274, 1594848.7178712834, 1599864.0556542503, 1599135.068521579, 1634456.2187881302, 1580933.1664518153, 1629186.4005672473"
Variance Reduction + Importance Sampling,2,500,25033.15089872229,9.281271183490754,887789760.5699289,0.015529153602472872,"1607612.206343566, 1625834.6899517227, 1626260.647498451, 1642028.2671753448, 1590094.308923567, 1612230.070750083, 1601366.5940186551, 1571161.9613802359, 1585189.8472281767, 1671332.033509482, 1640147.1187689083, 1644234.3816111789, 1578291.4640518706, 1660355.9047370923, 1615378.3465420504, 1574291.5592066634, 1593537.0177160257, 1598315.7984774383, 1600540.4292342972, 1560757.2559893716"
Variance Reduction + Importance Sampling,2,1000,16291.26864841273,16.411174619197844,314497684.0510529,0.010106183366364185,"1598896.7232749125, 1622491.8744133792, 1590239.7906172534, 1589167.4300837487, 1593758.458134581, 1603102.7607497268, 1600093.6317485357, 1611472.0626939812, 1617520.7820087473, 1619832.6927132132, 1636961.17952865, 1601405.1980182324, 1624646.8177247122, 1592732.7468530752, 1598444.0708296997, 1567739.1418928476, 1639624.9443229616, 1622751.0216866445, 1595671.6894934631, 1587340.235039996"
Variance Reduction + Importance Sampling,0,2000,99513.30725236962,3.180930662155151,12889278978.80871,0.06173243792058958,"1641041.1583259164, 1486449.3495353411, 1429889.2479768626, 1495346.363770362, 1565369.0426938748, 1648861.8644797336, 1587480.6695770205, 1491765.3192570123, 1667637.646265167, 1813224.6965631386, 1501920.911379709, 1545761.0104337197, 1580055.1793851063, 1376008.1039230125, 1540551.5035958763, 1524919.8582702375, 1712481.1922814727, 1805162.0600371892, 1563223.51827845, 1718537.6051713594"
Variance Reduction + Importance Sampling,1,2000,25777.575372070285,7.973091745376587,1166639004.305088,0.01599095252018926,"1597677.7880175717, 1605996.8262779086, 1599030.3368990833, 1601818.5215234628, 1650716.4252579238, 1619152.316023677, 1590441.4593000987, 1637154.3443474278, 1640111.0655826323, 1584404.397865609, 1534693.0432366508, 1562683.1484268673, 1606788.9195840259, 1618522.8658462781, 1589312.1184775606, 1651385.7867923146, 1619049.7661884725, 1615114.3896890888, 1516291.6910707979, 1629462.7983932274"
Variance Reduction + Importance Sampling,1.5,2000,13145.200600686401,14.441594636440277,169379474.33094072,0.008154540356875208,"1637690.1575031464, 1657728.0933482451, 1623400.4635663612, 1609660.518972113, 1613892.2776008667, 1611462.03168125, 1615639.2131124802, 1620724.22532232, 1632798.6203274273, 1628892.12887726, 1608425.2353734623, 1626788.4279451363, 1630877.1355426067, 1597098.1537602637, 1625861.187976109, 1608512.866380838, 1617422.4668998057, 1624291.0460021254, 1635694.4247653864, 1626462.9493923786"
Variance Reduction + Importance Sampling,1.974245170451723,2000,12149.685679494438,28.621649420261384,319385424.3737876,0.007536979100312306,"1624789.3156127061, 1617011.5594081096, 1608211.8671517468, 1609266.1365156732, 1608874.978487753, 1633020.2009217234, 1608879.5224504995, 1584399.5660787683, 1621541.1265164008, 1635990.5044680433, 1614319.7787566527, 1614772.515928387, 1619206.052574565, 1617209.1239254393, 1624898.6080064124, 1620983.6046750452, 1553004.2157255337, 1614932.2050996243, 1632694.5309262194, 1603679.1268194653"
Variance Reduction + Importance Sampling,2,2000,13125.298583607258,31.27632040977478,204672326.41660047,0.008142194269022683,"1620675.438643051, 1630887.7614854109, 1629695.9790097664, 1630362.4073380707, 1618364.6464641069, 1626998.4766056137, 1636014.2811184954, 1618588.8951279835, 1635916.4449701516, 1605982.0039665923, 1629682.888056853, 1600785.7618028347, 1610383.6413087584, 1596858.5227865025, 1612910.6621550703, 1586225.287502434, 1625395.7814496781, 1605141.490172562, 1617860.6001129237, 1593411.5833253462"
Variance Reduction + Importance Sampling,0,3000,74720.22343132114,3.5681870102882387,7601835220.604439,0.04635220838042019,"1402361.455821845, 1668160.3794454373, 1637235.5953674188, 1648045.2296822898, 1545593.2349024925, 1708006.0348659065, 1680875.0599892528, 1614905.7085578565, 1662632.2281082033, 1701466.9721834122, 1688418.9145063416, 1774264.3249253754, 1602039.5974806768, 1739556.044912052, 1675631.8608983383, 1575647.7880796362, 1707626.4590438458, 1496352.271527779, 1526875.126799497, 1632529.1307526191"
Variance Reduction + Importance Sampling,1,3000,26466.18530489665,10.8228990316391,1110982387.3012893,0.016418127247905815,"1603765.7644355837, 1600335.8868828404, 1617729.4252295196, 1631886.2112644706, 1576627.4202159864, 1615069.9738452688, 1610734.7181632116, 1617577.8107186258, 1671247.8338221305, 1676209.3396879432, 1606037.5904264357, 1656841.8772412038, 1658732.1792896718, 1636240.6250008876, 1614549.1014146227, 1657441.1567140406, 1599690.651277219, 1665892.0597765625, 1617709.4145023741, 1538551.2710081118"
Variance Reduction + Importance Sampling,1.5,3000,12631.955547242087,21.219684422016144,218759613.50857186,0.007836152100323254,"1621832.9044350768, 1594067.449667311, 1595428.1696630523, 1602159.9207460766, 1610931.7299003836, 1644956.44676211, 1617676.4684626425, 1628574.6404809474, 1618925.5297065342, 1618745.3566190393, 1620158.7576777376, 1595479.4759077122, 1600507.4259188578, 1609457.5415249553, 1634026.2993860824, 1604456.857945066, 1589656.665888034, 1606154.9954459395, 1591614.7612208577, 1623637.7012429175"
Variance Reduction + Importance Sampling,1.974245170451723,3000,9177.720713955036,42.50843579769135,114266553.718177,0.005693339814241249,"1612613.5176229405, 1601936.6832632867, 1626721.6699370283, 1627214.0338311878, 1603219.0867198817, 1606999.3713267967, 1616554.263052292, 1618110.4318491726, 1609199.2382554722, 1599419.534213334, 1606877.5988677687, 1596600.4422537107, 1607212.8915023517, 1596742.8389948125, 1583922.612605151, 1606100.2730129457, 1605317.5766395524, 1615386.0732855338, 1622825.322169193, 1619637.2501868168"
Variance Reduction + Importance Sampling,2,3000,10665.763775716488,43.50552883148193,176039522.887914,0.006616437724155861,"1601355.2651483268, 1614862.9712170714, 1621650.26902809, 1636439.4329613892, 1609409.0543892335, 1621256.2893411124, 1612530.5354916677, 1597835.4389894481, 1628797.4395171285, 1584139.11891181, 1612619.1726852243, 1611917.9788831857, 1592780.8556504727, 1632636.6216507421, 1601815.6145438834, 1596488.2303756007, 1622893.4984912456, 1618946.7623287092, 1615857.8680740595, 1618605.9716198507"
Hybrid,0,5,293481.34127991326,0.04315217733383179,193479439463.3607,0.18205925600952427,"1611910.1576479094, 1537407.94095994, 1614245.0938116321, 1608465.3250404208, 2498168.135922947, 1619236.5054086198, 2581130.3431824776, 2651694.7493118728, 1585739.2358284863, 1458185.9276720735, 1420261.8060271938, 1496015.248889723, 1867944.6896880802, 1813268.4007149115, 1251375.2807645954, 1658716.1563713823, 1734363.079586473, 1591503.6679437559, 1782524.4549252659, 2833219.8074487"
Hybrid,0,100,455349.2155020429,0.09306610822677612,811617708901.2601,0.28247294712938686,"1904969.4149570065, 1662175.0116443995, 1906465.5196734564, -16266.330358649293, 908704.5810393094, 1768182.9795190312, 1840564.9139994245, 1610390.814884898, 1684318.0162183186, 1829098.6405839177, -1934517.7826997836, 2050797.8778334733, 1972849.810571126, 1924791.4196161963, 1847720.2298819115, 1764031.9561481318, 1740298.982091768, 1620442.293431328, 1780648.8185506545, 1722059.7081864893"
Hybrid,1,5,495803.9860712872,0.058232104778289794,814944080171.9592,0.3075688029672813,"1822141.7173183176, 2050321.5600831236, 1944888.8636256391, 1614885.810662343, 1996113.3441834692, 1561908.2927506028, 1804067.3512303673, 1761953.541848775, 1696793.1936272213, 2312605.7931989585, 1884984.4327868372, 2148646.5314834374, -1352599.7034203021, 2171657.7696487014, 1760943.3773688003, 1505975.08762123, 1580977.4146072173, -808531.5415236478, 1375603.760848088, 1518530.254757058"
Hybrid,1,100,127214.73564758533,0.2981431484222412,23113397356.407433,0.07891684024763204,"1697063.4116295974, 1452982.0470696231, 1681210.67302093, 1483725.2605418328, 1492065.824130239, 1389663.193485212, 1225728.1428238961, 1813537.161454927, 1632485.8844110137, 1670550.6973178629, 1670892.2844662287, 1662614.0170730215, 1600036.3628289057, 1729458.8823816308, 1732564.5167089356, 1738825.7362173416, 1763509.1235627048, 1424328.4674832644, 1534407.5022300484, 1802559.1253005343"
Hybrid,1.5,5,395008.03439227404,0.08647274971008301,231347413308.59686,0.24504068485448233,"1826361.481885393, 2082149.442422813, 630150.831328752, 2002440.7808101566, 1780337.9977582835, 1707024.8784346143, 1557303.7337138758, 1143353.9594022802, 1962297.1096764524, 975081.0233318483, 1598392.62271286, 1019525.1513343198, 1310474.9639335265, 2127472.9792445856, 464682.1863662388, 1248927.360941743, 2084315.460164478, 1794423.5299493645, 1878946.5146066183, 1826302.345958167"
Hybrid,1.5,100,88654.76837097316,0.7198596835136414,9660065628.569977,0.05499641340374636,"1457630.8813497238, 1492995.8513109002, 1705289.253974464, 1417048.0074904293, 1508894.5262504222, 1538119.6839440179, 1511023.9551480878, 1712539.6644418782, 1643636.9371992836, 1673130.9438328466, 1526715.0981900424, 1640126.4027589334, 1735223.7896884903, 1548753.5845239172, 1533271.1194916146, 1574719.2362322577, 1730749.0691182872, 1677446.5017570825, 1621155.9968825683, 1742968.7516970423"
Hybrid,1.974245170451723,5,291037.5568247708,0.09945987462997437,123128930575.39377,0.18054327009433613,"1402240.6415574348, 1154575.8399871087, 1468701.01321268, 1517249.0447428944, 2041775.1883481902, 2047505.7480532413, 1552117.5570796402, 1697417.681850563, 1832062.3932288287, 1549433.2130427742, 1923781.81338785, 1681141.0701899026, 887934.8340123842, 1779559.502937167, 2023045.5117329217, 950895.9044436623, 1766268.1677018257, 1897173.740699012, 2224718.351874123, 1837490.0145703696"
Hybrid,1.974245170451723,100,37893.898192343026,1.7409778356552124,2918725340.645349,0.02350723518609874,"1613113.7716843933, 1652649.810790425, 1538463.0037252137, 1571482.388436427, 1601887.6049006255, 1593522.3840221635, 1608647.1173899376, 1719925.3881665077, 1739039.0015234954, 1586756.3919575268, 1553679.562847215, 1727696.5555349675, 1622549.7596958333, 1595355.386406252, 1586479.6029197786, 1603974.6746908138, 1602538.1322739592, 1606979.2472251651, 1604805.1166068458, 1558605.710146838"
Hybrid,2,5,257269.28129810086,0.09338029623031616,101968601889.41562,0.15959533830317482,"1837440.1247616403, 1637554.9499011654, 1734147.7300311832, 1855833.3690657134, 1199117.0271395678, 2177099.480487062, 1937951.4337045199, 1873980.1198381856, 2157120.527697696, 1746959.4611660587, 1588007.9074891927, 1475057.5774959745, 1935617.0303154935, 1625239.9671274999, 1617799.3216810368, 1081811.2951097598, 1435746.192602251, 1952697.5308124206, 938104.2405924463, 1669868.8198015334"
Hybrid,2,100,59172.31158080477,1.4434289813041687,5001056287.607048,0.03670716160619647,"1534627.2190153694, 1626654.458905561, 1662655.6776180735, 1748038.4020960869, 1698456.1469379289, 1596918.1989678305, 1761475.190773253, 1565309.5104321933, 1632598.2165579863, 1570462.1755108482, 1558784.662373935, 1691396.4438498414, 1643502.6547994346, 1507214.5895371886, 1532815.4078441404, 1645284.8466534016, 1647448.887986032, 1583444.3415007973, 1620260.719518677, 1520729.308897878"
Hybrid,0,500,349812.710661253,0.321906840801239,320265451766.6405,0.21700405745699655,"1904267.4541219354, 1655635.1697227887, -452721.3036456462, 1712151.2372400898, 1417552.1555495274, 2010718.290265644, 1478272.383861012, 971221.6152616699, 1651641.4488467742, 478649.428955123, 1775342.3112358723, 1800299.1357602589, 1848967.8741407618, 1567321.715231819, 1413537.2486852296, 1683827.42850934, 1092603.4436886103, 1885516.540525388, 1724512.20144644, 1757851.8089971126"
Hybrid,1,500,42585.60956717595,1.3964217901229858,2746043269.958126,0.026417708058371812,"1563833.0538820466, 1568141.4376882047, 1633365.8388571285, 1551339.595237185, 1575122.1673866373, 1613444.0462065514, 1515355.8893820278, 1606379.5905062438, 1650196.7971556701, 1591575.9670907594, 1579363.5452442253, 1606205.7727327284, 1666609.3412888895, 1739066.9034490346, 1675559.1047574824, 1626302.8556881559, 1657938.9859088103, 1684073.343447931, 1666865.1117737757, 1604393.1180398522"
Hybrid,1.5,500,36596.30871583473,3.1253880500793456,1780747605.9033203,0.022702283928657228,"1571837.935214828, 1691087.360069615, 1641895.5526687, 1660386.5468406472, 1604640.351918717, 1657426.5990299077, 1531499.7448766865, 1654319.5589336958, 1587451.1189989236, 1637133.688207493, 1667580.449913291, 1556495.7480285093, 1618267.3573792533, 1620062.4313549784, 1594753.279367992, 1646296.1103941125, 1570886.9020172355, 1682882.5625713577, 1631464.4200573338, 1611271.3826807989"
Hybrid,1.974245170451723,500,31595.93008382338,6.351835453510285,1032803796.2511666,0.019600331315452996,"1614620.0640113999, 1663758.9922225513, 1628235.4541412778, 1618652.1040894112, 1588347.9994191814, 1656163.1971552924, 1665609.4716720178, 1662883.6276376548, 1588388.0057321338, 1604384.9714585561, 1647273.9396516348, 1653841.8043894859, 1577435.8132481582, 1629600.5916437414, 1564349.9335817602, 1629725.8226767564, 1666769.9194247192, 1624777.9921452918, 1681678.8001600255, 1631333.5440949972"
Hybrid,2,500,29014.738168269745,7.43449856042862,1327667486.7550678,0.01799910556899135,"1517110.0786703413, 1645459.9479994376, 1597730.133607139, 1623001.3058468087, 1635746.6623810595, 1607522.0267357992, 1599309.8955512736, 1613942.6378086144, 1593307.4226703215, 1645106.587789824, 1588101.7581982901, 1657676.6439878212, 1564157.6230530033, 1657549.627648157, 1587391.9769661992, 1588252.724848877, 1625640.6953706695, 1603462.7596230516, 1580828.0911744793, 1679325.1456317783"
Hybrid,0,1000,109759.53296615956,0.5561072945594787,19501815776.343674,0.06808861791562058,"1761182.2052814607, 1772457.589439192, 1674993.9127358927, 1603215.5950526781, 1886212.2735312236, 1641656.3876866214, 1662069.6283704133, 1676933.5352287712, 1348603.6181855854, 1278714.781137165, 1762936.091543291, 1672908.92508616, 1691086.88672215, 1494289.7258428468, 1779482.1778755828, 1525336.3903148426, 1630762.9533752052, 1572417.761130268, 1650510.2779027177, 1650655.6862078954"
Hybrid,0,2000,123526.25060850215,1.055761694908142,26077396265.91977,0.07662871235817528,"1456723.3003094622, 1492205.6137688525, 1719901.5941096842, 1660497.2467155978, 1801838.2990314255, 1521373.1011871824, 1873392.5653370747, 1604565.248683328, 1838718.2886735208, 1573206.6883343207, 1779820.4645524758, 1688171.1564885147, 1667669.2479482107, 1572529.9796552432, 1685644.65602489, 1706449.2190453233, 1684677.8139945155, 1674164.5720458732, 1520988.386045039, 1120787.7938136356"
Hybrid,1,1000,45494.93000391793,2.988432490825653,2698439872.9878592,0.02822248621529515,"1586516.0249076008, 1643536.0481558426, 1497373.2671499827, 1660405.6641530294, 1588519.68122568, 1571502.8931081828, 1662784.1136845443, 1708271.9498183273, 1586728.7152687183, 1624881.4089419895, 1534467.9276250813, 1551930.6304337801, 1565073.2510558816, 1577771.500632488, 1588964.8931482201, 1665784.5592379028, 1627397.4533547151, 1664243.8785333019, 1579863.8478655822, 1657286.1566199036"
Hybrid,1,2000,26671.51862334631,5.6663551211357115,1195579972.8945904,0.01654550444683737,"1620326.964385335, 1623060.6926719917, 1559950.9156644538, 1542188.9868939994, 1595219.3593179928, 1612201.4235732742, 1590885.3360029135, 1588969.4053973928, 1646398.4550765764, 1598715.3604689615, 1628959.361636821, 1548590.194712526, 1619107.9867544125, 1618067.4770182495, 1613333.819595622, 1675297.7022360535, 1676447.2556764951, 1605018.7638114763, 1580611.5458629841, 1589620.8980252044"
Hybrid,1.5,1000,25787.758475210914,6.417922413349151,952140189.3506523,0.015997269542503405,"1629057.8396513949, 1593888.0119548177, 1652353.952988114, 1577439.2325899713, 1623170.9756680836, 1572991.6387197997, 1559409.0622583542, 1579016.9366675133, 1597741.842404186, 1625403.5089787382, 1632250.9010138807, 1627820.3953579431, 1631103.5571717534, 1611253.991955045, 1593054.7220282701, 1597287.4129771788, 1692330.1788252408, 1628858.1482103684, 1635104.715292844, 1644403.8479009932"
Hybrid,1.5,2000,21080.037450242053,12.655107283592224,695689648.0914782,0.013076865187090683,"1612727.109496435, 1579472.282241962, 1623891.9767701374, 1641804.8492336518, 1670543.5861064289, 1595662.8228266623, 1604841.8962602627, 1626816.6882602188, 1592447.33217962, 1594640.474726468, 1604853.1988797646, 1598764.3958955205, 1617661.5545892974, 1627689.7271614557, 1579370.447814189, 1650681.2320363019, 1556914.953563887, 1620958.440997401, 1614639.7495613538, 1578846.3608195046"
Hybrid,1.974245170451723,1000,20723.33852539719,13.733451902866364,544035398.2915173,0.012855589311106752,"1647697.733067406, 1599151.4931592226, 1640720.2705937533, 1597723.5092542234, 1561560.7998318402, 1584462.2950776939, 1597845.4679827094, 1580369.7397690106, 1594410.2932703327, 1599414.9184593179, 1580717.7203690019, 1605422.1568530714, 1608700.6920453545, 1634160.434634921, 1606577.3153686181, 1638782.8169373826, 1645217.6825428985, 1600141.5878927957, 1586421.7336408983, 1609292.444294327"
Hybrid,1.974245170451723,2000,13519.0472451229,28.115794575214387,302542879.0109943,0.008386453710040816,"1609049.1007433173, 1598552.0467237995, 1604093.906489038, 1598981.0550333038, 1607470.1199493192, 1624471.3076596425, 1608354.2108877106, 1599982.4115710522, 1589748.6366217032, 1611705.8338604874, 1609330.5781663505, 1603605.5971328935, 1592648.5591927224, 1640615.2140300951, 1612175.4381404773, 1559045.6922826516, 1603749.5856869428, 1598892.7024368534, 1634486.2783263891, 1633742.7435239991"
Hybrid,2,1000,15932.286864193145,14.289047348499299,359750970.4261037,0.009883491333300132,"1639275.1854295311, 1618894.8152900415, 1585934.1591812752, 1583876.1819204458, 1612546.5355640657, 1647155.6205207354, 1627407.2211902693, 1628535.5374363717, 1571987.029595059, 1612003.855586915, 1593003.7166586055, 1594047.7182048128, 1590003.2386830803, 1610507.8402461226, 1604109.5842347052, 1603487.9051504864, 1598978.852195317, 1604676.3398022114, 1604369.7167955053, 1629756.9601073896"
Hybrid,2,2000,14737.29516622409,29.005338108539583,321309711.3771126,0.00914218594563563,"1651978.9650881896, 1603171.48381182, 1626082.5876300333, 1627195.093430205, 1574159.1365183163, 1593582.968333796, 1613877.3907089753, 1607975.0717061935, 1580854.7877807936, 1607180.4763258465, 1617530.7243383562, 1592690.4027234318, 1584805.2459980426, 1622980.13033575, 1599267.3626954022, 1607496.573560305, 1604759.7608949223, 1602507.1835112737, 1620688.061012215, 1624823.404640901"
Hybrid,0,3000,75425.99340811514,1.5524316787719727,8437597749.952838,0.04679002823066552,"1631951.0884487275, 1589053.5214619113, 1610819.9193294744, 1669620.9817810815, 1765818.999386497, 1655219.753257585, 1654076.7037212197, 1744174.998528539, 1625116.9865671361, 1494107.9605691659, 1631049.20223259, 1583994.2129912265, 1514026.5387757132, 1748998.4831203788, 1440843.1412783274, 1746352.4719411049, 1496358.5279637752, 1625134.9527464611, 1715604.8110906666, 1527355.7422900905"
Hybrid,1,3000,18900.540956732526,8.146560192108154,501865187.51920766,0.011724828603254649,"1587690.4361499518, 1587474.501102526, 1605040.09440834, 1651650.5137420446, 1608670.9840930784, 1668890.9302324976, 1609851.3370980027, 1634717.91679012, 1633853.9246388928, 1585686.9596252218, 1615309.766837892, 1619734.620538326, 1620341.3619983506, 1640845.8368877324, 1630057.3224218471, 1609075.6788408982, 1630053.038600099, 1637450.7960481213, 1586588.0453180075, 1600797.1729652465"
Hybrid,1.5,3000,18415.212890244322,18.557404708862304,468996476.395121,0.011423758469391828,"1644040.3845940602, 1618917.7103739223, 1612770.2394691666, 1636471.217827787, 1617984.6418898, 1579183.0445397624, 1600449.8149941524, 1636297.3049814112, 1592784.2345961335, 1613275.868018112, 1619737.5187639452, 1596106.4576120812, 1606210.1766756785, 1606767.6638672308, 1589145.4795989364, 1644500.5003057576, 1587659.6288334595, 1659702.2352914352, 1633419.9634501617, 1637533.173556762"
Hybrid,1.974245170451723,3000,8408.528281895886,141.54882014989852,114940422.2097485,0.005216176253184462,"1603945.9343020227, 1610393.4445184718, 1609668.0835964736, 1633799.1759776918, 1625665.0395575045, 1594541.148537241, 1629741.0613636116, 1615762.9684787898, 1626709.7771401533, 1598890.7883675506, 1609609.4372615393, 1608441.809576364, 1592175.2459708524, 1609801.896832293, 1617732.9528209076, 1621015.7925640894, 1615437.6525513958, 1614826.3912231913, 1613748.0190008655, 1608800.4760774747"
Hybrid,2,3000,9322.362637041206,43.33345168828964,169382715.32618767,0.0057830674977458,"1633624.2938701746, 1617260.683225468, 1601997.4849238452, 1606902.0441311002, 1616659.1475656368, 1611917.5178184446, 1615517.031970744, 1609194.9527110893, 1606161.5068071336, 1605637.8239837065, 1640348.2341808032, 1615659.442125506, 1609702.8461559277, 1612487.0621700734, 1617385.1385121532, 1626624.9940069998, 1614746.0385930974, 1578635.783909888, 1598699.0211579099, 1595015.8318807872"
Hybrid,0,4000,89188.15529141591,2.3028465867042542,11440782424.156435,0.055327296537500334,"1817486.5089694, 1700044.8528414064, 1664635.9035233194, 1637029.445911812, 1629202.082215559, 1661627.85995227, 1693115.7619934923, 1546989.5418398343, 1553700.0113641138, 1550390.728346777, 1572387.5300673079, 1526092.144083213, 1417302.6118112898, 1728844.4877227377, 1805140.1576368446, 1744962.0421977416, 1641754.98276811, 1605778.0641155802, 1450461.624535572, 1492958.7237406867"
Hybrid,1,4000,20890.203280353744,12.151786005496978,663088871.3059042,0.012959102784941622,"1651280.1341615368, 1627273.7530423899, 1599310.317070734, 1563197.9030108228, 1613776.4806077017, 1604754.8809794665, 1603776.9945381873, 1620504.7887845172, 1657861.7219173685, 1603376.9931729783, 1642044.9832634274, 1592492.9417996847, 1595688.4782974597, 1628630.2405290408, 1608389.9628160216, 1641540.0010926435, 1606147.436356439, 1673062.4374232253, 1614855.0030322962, 1648130.4297947215"
Hybrid,1.5,4000,13336.921193115482,26.554548382759094,244346754.58838445,0.008273472989072949,"1619964.9958476508, 1622662.1936055797, 1598339.3684319213, 1617551.833662105, 1616996.0853436373, 1611199.8742653253, 1615160.0204134032, 1607515.111017857, 1595519.0336551582, 1623229.443235987, 1616033.3889439655, 1613257.2278494013, 1615268.3946067272, 1602225.2348313567, 1591240.6157679462, 1583987.3882718806, 1585779.7752318939, 1594854.012410907, 1568205.6683090094, 1578539.0774528917"
Hybrid,1.974245170451723,4000,10523.223046493984,54.856655740737914,209350562.75146535,0.006528013502704068,"1599259.256448133, 1594017.8562159564, 1565517.7838909756, 1605551.0222361193, 1603890.7678106828, 1610684.516189878, 1606949.8608118773, 1610344.29208052, 1607715.5777347728, 1636392.2995481824, 1626792.463921902, 1614426.9744495826, 1613969.178887991, 1605456.8350883287, 1598032.1972824878, 1617759.918927022, 1623852.0876879848, 1625032.6099723086, 1620460.5492786784, 1608841.6559540406"
Hybrid,2,4000,12723.638310263783,56.33545197248459,231885592.82833117,0.007893026910666673,"1606371.7746823607, 1634630.047095619, 1631751.6517025288, 1615868.633677473, 1604128.9012335327, 1585441.4672723813, 1607666.8018299285, 1596451.5270692592, 1611228.2374523792, 1631420.4071317485, 1613981.9225773115, 1605852.9299565337, 1610669.9491470857, 1624096.4582940023, 1587688.5268931203, 1605827.606599082, 1589213.68451293, 1603431.9217677321, 1583920.3581068951, 1628557.332249813"
Variance Reduction,1,0,10497.0,2.0427550673484802,0.0,0.006511746205048355,"1601513.0, 1601513.0, 1601513.0, 1601513.0, 1601513.0, 1601513.0, 1601513.0, 1601513.0, 1601513.0, 1601513.0, 1601513.0, 1601513.0, 1601513.0, 1601513.0, 1601513.0, 1601513.0, 1601513.0, 1601513.0, 1601513.0, 1601513.0"
Variance Reduction + Importance Sampling,2,4000,7776.4,72.91626554727554,75938061.66,0.00482403955310451,"1612910.0, 1596056.0, 1611420.0, 1597297.0, 1593773.0, 1618813.0, 1616102.0, 1603516.0, 1614467.0, 1608279.0, 1608727.0, 1602768.0, 1595867.0, 1614866.0, 1623753.0, 1604649.0, 1620824.0, 1612491.0, 1606942.0, 1597444.0"
Variance Reduction + Importance Sampling,0,4000,74933.45,4.1499674916267395,9866452157.0475,0.04648448210619041,"1572290.0, 1578979.0, 1567378.0, 1648889.0, 1586278.0, 1693690.0, 1594235.0, 1403344.0, 1383044.0, 1489339.0, 1717826.0, 1613401.0, 1723140.0, 1648019.0, 1589069.0, 1559394.0, 1658723.0, 1792567.0, 1612912.0, 1712852.0"
Variance Reduction + Importance Sampling,1,4000,16645.1,13.694756245613098,452638200.50999993,0.010325680361784356,"1627353.0, 1609290.0, 1624637.0, 1617248.0, 1596788.0, 1610366.0, 1632154.0, 1584862.0, 1595275.0, 1634095.0, 1631333.0, 1584070.0, 1567965.0, 1615218.0, 1607756.0, 1619664.0, 1553379.0, 1609667.0, 1592294.0, 1618892.0"
Variance Reduction + Importance Sampling,1.5,4000,13803.9,25.96954665184021,260860070.41000003,0.008563160278162046,"1620130.0, 1632843.0, 1636365.0, 1622871.0, 1635508.0, 1639456.0, 1620485.0, 1608420.0, 1615622.0, 1612676.0, 1596082.0, 1624320.0, 1605757.0, 1633583.0, 1573313.0, 1608947.0, 1621034.0, 1609563.0, 1639923.0, 1604596.0"
Variance Reduction + Importance Sampling,1.974245170451723,4000,10600.4,58.28973195552826,154993987.31000003,0.006575889727731219,"1610587.0, 1599199.0, 1596641.0, 1600127.0, 1605452.0, 1630728.0, 1624728.0, 1621167.0, 1615205.0, 1601954.0, 1622961.0, 1616780.0, 1609835.0, 1609027.0, 1633475.0, 1596233.0, 1632046.0, 1617304.0, 1589748.0, 1616417.0"
