Method,Power,Sample Size,Avg Error,Avg Time,Variance,Avg Percent Error,Estimates
Importance Sampling,0,5,50844.0,0.010241043567657471,5670042444.539999,1.0527579923803216,"13279.0, 6290.0, 73387.0, 17123.0, 10134.0, 7338.0, 2795.0, 10134.0, 3494.0, 4193.0, 15027.0, 4543.0, 79678.0, 348767.0, 9086.0, 15376.0, 8736.0, 22016.0, 6989.0, 4543.0"
Importance Sampling,0,100,19055.55,0.012859082221984864,571149510.3275,0.39455752029153557,"14153.0, 13349.0, 33915.0, 49274.0, 63847.0, 76131.0, 63393.0, 62903.0, 78245.0, 27293.0, 91315.0, 46251.0, 41062.0, 64773.0, 50760.0, 64668.0, 55128.0, 41743.0, 113629.0, 42005.0"
Importance Sampling,0,250,10229.2,0.01219024658203125,163618311.9,0.2118022196455193,"51434.0, 37910.0, 75701.0, 38713.0, 34045.0, 42446.0, 36624.0, 51455.0, 78063.0, 54894.0, 49924.0, 62233.0, 33695.0, 35093.0, 46548.0, 55970.0, 42565.0, 46353.0, 31242.0, 53552.0"
Importance Sampling,0,500,8171.05,0.01406334638595581,95743568.8475,0.16918688918336924,"35890.0, 43585.0, 53049.0, 36320.0, 54992.0, 50476.0, 63026.0, 61642.0, 44455.0, 41614.0, 34188.0, 55463.0, 45745.0, 39944.0, 52011.0, 48373.0, 69687.0, 46835.0, 36323.0, 59601.0"
Uniform Sampling,0,5,50844.0,0.010241043567657471,5670042444.539999,1.0527579923803216,"13279.0, 6290.0, 73387.0, 17123.0, 10134.0, 7338.0, 2795.0, 10134.0, 3494.0, 4193.0, 15027.0, 4543.0, 79678.0, 348767.0, 9086.0, 15376.0, 8736.0, 22016.0, 6989.0, 4543.0"
Uniform Sampling,0,100,19055.55,0.012859082221984864,571149510.3275,0.39455752029153557,"14153.0, 13349.0, 33915.0, 49274.0, 63847.0, 76131.0, 63393.0, 62903.0, 78245.0, 27293.0, 91315.0, 46251.0, 41062.0, 64773.0, 50760.0, 64668.0, 55128.0, 41743.0, 113629.0, 42005.0"
Uniform Sampling,0,250,10229.2,0.01219024658203125,163618311.9,0.2118022196455193,"51434.0, 37910.0, 75701.0, 38713.0, 34045.0, 42446.0, 36624.0, 51455.0, 78063.0, 54894.0, 49924.0, 62233.0, 33695.0, 35093.0, 46548.0, 55970.0, 42565.0, 46353.0, 31242.0, 53552.0"
Uniform Sampling,0,500,8171.05,0.01406334638595581,95743568.8475,0.16918688918336924,"35890.0, 43585.0, 53049.0, 36320.0, 54992.0, 50476.0, 63026.0, 61642.0, 44455.0, 41614.0, 34188.0, 55463.0, 45745.0, 39944.0, 52011.0, 48373.0, 69687.0, 46835.0, 36323.0, 59601.0"
Importance Sampling,1,5,21512.2,0.00808650255203247,715054327.1099999,0.44542405168129867,"10534.0, 5602.0, 8331.0, 72396.0, 32466.0, 54820.0, 55491.0, 73320.0, 31234.0, 79378.0, 55643.0, 47016.0, 45475.0, 8969.0, 99519.0, 43219.0, 38126.0, 29215.0, 46110.0, 92790.0"
Importance Sampling,1,100,4789.85,0.01618061065673828,32309457.247500002,0.09917695047208878,"45565.0, 51585.0, 47513.0, 44788.0, 48987.0, 54893.0, 51148.0, 52060.0, 47016.0, 47277.0, 55750.0, 53029.0, 61553.0, 39112.0, 55151.0, 51532.0, 53192.0, 43261.0, 38427.0, 43532.0"
Importance Sampling,1,250,2687.7,0.026345551013946533,10611029.889999999,0.05565057147589862,"49026.0, 53432.0, 46388.0, 46011.0, 48304.0, 42716.0, 51265.0, 51430.0, 54841.0, 44259.0, 46456.0, 46540.0, 53730.0, 48848.0, 53170.0, 47099.0, 50792.0, 47303.0, 47942.0, 46370.0"
Importance Sampling,1,500,2043.5,0.040801393985748294,5535732.05,0.04231199271161172,"46410.0, 44627.0, 49331.0, 51581.0, 47705.0, 47118.0, 50435.0, 45476.0, 47814.0, 50845.0, 51001.0, 45619.0, 47344.0, 51884.0, 47872.0, 51124.0, 48630.0, 52363.0, 47446.0, 45485.0"
Importance Sampling,1.5,5,12459.65,0.008736169338226319,220419345.6275,0.25798513334437634,"43490.0, 42513.0, 51954.0, 67288.0, 32321.0, 48945.0, 56795.0, 42047.0, 44584.0, 30291.0, 46564.0, 45899.0, 32865.0, 28923.0, 20930.0, 16085.0, 53703.0, 76288.0, 59657.0, 28701.0"
Importance Sampling,1.5,100,3270.75,0.025181794166564943,13840346.0275,0.06772299983435481,"40113.0, 43971.0, 49285.0, 50475.0, 51877.0, 54338.0, 46884.0, 44579.0, 54111.0, 50165.0, 49945.0, 55999.0, 46929.0, 50401.0, 52932.0, 50925.0, 49167.0, 51260.0, 46644.0, 50023.0"
Importance Sampling,1.5,250,2227.5,0.0384674072265625,5505706.640000001,0.04612183203577935,"47167.0, 47172.0, 42981.0, 50244.0, 44643.0, 46379.0, 47269.0, 45942.0, 49654.0, 44394.0, 49531.0, 48661.0, 44392.0, 44250.0, 46897.0, 50035.0, 49645.0, 44435.0, 48927.0, 50590.0"
Importance Sampling,1.5,500,1038.0,0.06660908460617065,1542465.7600000002,0.021492463143945668,"48374.0, 48558.0, 46813.0, 49182.0, 46408.0, 48780.0, 49434.0, 50310.0, 46339.0, 50245.0, 48755.0, 47763.0, 49572.0, 47039.0, 48082.0, 46950.0, 50471.0, 48583.0, 47494.0, 48024.0"
Importance Sampling,1.8419585833184278,5,10731.95,0.00891472101211548,158162043.04749998,0.22221198442935233,"37111.0, 32920.0, 62929.0, 26093.0, 68922.0, 43062.0, 66109.0, 43952.0, 36936.0, 27077.0, 46413.0, 49101.0, 32751.0, 54713.0, 33870.0, 61166.0, 50111.0, 55093.0, 55885.0, 50795.0"
Importance Sampling,1.8419585833184278,100,1696.15,0.026246798038482667,4143865.0875,0.03511988570482027,"48546.0, 43192.0, 46471.0, 48839.0, 48002.0, 48498.0, 46018.0, 48066.0, 48029.0, 47637.0, 50279.0, 50692.0, 44313.0, 51294.0, 47045.0, 48553.0, 46226.0, 46748.0, 46292.0, 44515.0"
Importance Sampling,1.8419585833184278,250,1245.2,0.04605984687805176,2210728.89,0.025782673513334436,"49394.0, 50535.0, 49150.0, 48968.0, 49689.0, 50621.0, 44455.0, 46277.0, 47845.0, 49088.0, 48271.0, 49488.0, 49880.0, 48841.0, 50343.0, 49650.0, 48492.0, 47466.0, 46968.0, 48177.0"
Importance Sampling,1.8419585833184278,500,1127.85,0.08503203392028809,2134203.4475,0.02335286566175253,"49535.0, 48103.0, 44310.0, 50194.0, 48502.0, 46715.0, 50662.0, 48993.0, 47546.0, 48451.0, 47697.0, 49962.0, 49522.0, 48094.0, 48696.0, 48731.0, 47413.0, 50695.0, 49954.0, 48314.0"
Importance Sampling,2,5,10436.4,0.008418941497802734,166740689.71,0.21609243001490802,"34196.0, 56025.0, 40400.0, 57124.0, 53887.0, 48025.0, 70679.0, 36993.0, 20931.0, 43313.0, 37678.0, 47575.0, 29395.0, 50922.0, 53762.0, 38407.0, 50872.0, 68023.0, 69814.0, 54533.0"
Importance Sampling,2,100,2021.5,0.02769901752471924,5051716.4399999995,0.04185646844459169,"52921.0, 49226.0, 49316.0, 51256.0, 45414.0, 49233.0, 46414.0, 52188.0, 48470.0, 48749.0, 48076.0, 48257.0, 51293.0, 47964.0, 46170.0, 52349.0, 52759.0, 51633.0, 49874.0, 46766.0"
Importance Sampling,2,250,1402.45,0.05384310483932495,2964955.8275,0.029038636740102697,"49631.0, 46804.0, 50109.0, 47858.0, 50100.0, 51299.0, 49066.0, 48130.0, 48871.0, 49147.0, 44009.0, 44976.0, 48056.0, 47322.0, 47449.0, 47181.0, 46815.0, 47646.0, 49581.0, 46693.0"
Importance Sampling,2,500,812.15,0.0957980990409851,1115349.1875,0.016816092430014907,"48966.0, 49778.0, 48053.0, 48292.0, 48290.0, 47077.0, 48841.0, 47403.0, 47330.0, 48479.0, 48914.0, 48785.0, 51458.0, 48758.0, 47352.0, 48048.0, 49834.0, 49941.0, 47518.0, 48148.0"
Importance Sampling,0,1000,4529.35,0.028007566928863525,26149240.247500002,0.09378312903760146,"57219.0, 54436.0, 52713.0, 46639.0, 46218.0, 51895.0, 49833.0, 47267.0, 57501.0, 44875.0, 45082.0, 52173.0, 43330.0, 54265.0, 42035.0, 52171.0, 50716.0, 45233.0, 52872.0, 37936.0"
Importance Sampling,0,2000,4175.25,0.050116229057312014,24118725.247499995,0.08645125890342886,"48574.0, 43083.0, 42530.0, 47736.0, 55703.0, 49205.0, 43868.0, 49501.0, 54916.0, 53565.0, 49130.0, 52136.0, 58790.0, 52751.0, 48272.0, 42453.0, 56406.0, 42632.0, 46901.0, 53487.0"
Importance Sampling,0,3000,3182.95,0.06208879947662353,12958430.327500002,0.06590504389597482,"50256.0, 43583.0, 45273.0, 47065.0, 48267.0, 48678.0, 52686.0, 56240.0, 44984.0, 49429.0, 43369.0, 46091.0, 45542.0, 49953.0, 45453.0, 45795.0, 53443.0, 43110.0, 42941.0, 45329.0"
Importance Sampling,0,4000,2725.65,0.07277863025665283,11293058.8475,0.0564363508365082,"47367.0, 51094.0, 50303.0, 47691.0, 56520.0, 47153.0, 49029.0, 49941.0, 44540.0, 48938.0, 51566.0, 43814.0, 45122.0, 49565.0, 45326.0, 46124.0, 55162.0, 49964.0, 44250.0, 46182.0"
Uniform Sampling,0,1000,4529.35,0.028007566928863525,26149240.247500002,0.09378312903760146,"57219.0, 54436.0, 52713.0, 46639.0, 46218.0, 51895.0, 49833.0, 47267.0, 57501.0, 44875.0, 45082.0, 52173.0, 43330.0, 54265.0, 42035.0, 52171.0, 50716.0, 45233.0, 52872.0, 37936.0"
Uniform Sampling,0,2000,4175.25,0.050116229057312014,24118725.247499995,0.08645125890342886,"48574.0, 43083.0, 42530.0, 47736.0, 55703.0, 49205.0, 43868.0, 49501.0, 54916.0, 53565.0, 49130.0, 52136.0, 58790.0, 52751.0, 48272.0, 42453.0, 56406.0, 42632.0, 46901.0, 53487.0"
Uniform Sampling,0,3000,3182.95,0.06208879947662353,12958430.327500002,0.06590504389597482,"50256.0, 43583.0, 45273.0, 47065.0, 48267.0, 48678.0, 52686.0, 56240.0, 44984.0, 49429.0, 43369.0, 46091.0, 45542.0, 49953.0, 45453.0, 45795.0, 53443.0, 43110.0, 42941.0, 45329.0"
Uniform Sampling,0,4000,2725.65,0.07277863025665283,11293058.8475,0.0564363508365082,"47367.0, 51094.0, 50303.0, 47691.0, 56520.0, 47153.0, 49029.0, 49941.0, 44540.0, 48938.0, 51566.0, 43814.0, 45122.0, 49565.0, 45326.0, 46124.0, 55162.0, 49964.0, 44250.0, 46182.0"
Importance Sampling,1,1000,1188.4,0.09741425514221191,1937939.0399999998,0.024606592678482687,"47060.0, 46582.0, 45356.0, 48523.0, 46968.0, 50276.0, 48121.0, 47113.0, 48179.0, 47032.0, 47892.0, 47896.0, 47425.0, 49126.0, 47375.0, 50397.0, 47493.0, 45858.0, 48040.0, 50876.0"
Importance Sampling,1,2000,1434.1,0.16274844408035277,2489286.06,0.029693970515156536,"47079.0, 47360.0, 45004.0, 44429.0, 46762.0, 46310.0, 48940.0, 49476.0, 48965.0, 47701.0, 48463.0, 48649.0, 46411.0, 49055.0, 48026.0, 45831.0, 49198.0, 46580.0, 50681.0, 46436.0"
Importance Sampling,1,3000,1005.45,0.23379952907562257,1679635.5475,0.02081849428524101,"49392.0, 47208.0, 47893.0, 48472.0, 44946.0, 47331.0, 48234.0, 47222.0, 48474.0, 47848.0, 48848.0, 47447.0, 47575.0, 49236.0, 49955.0, 50853.0, 47060.0, 48996.0, 48173.0, 50228.0"
Importance Sampling,1,4000,758.05,0.2915390133857727,731419.4875,0.015695916846115623,"48739.0, 46935.0, 49060.0, 48941.0, 47390.0, 49121.0, 47414.0, 47999.0, 48073.0, 46974.0, 48777.0, 46858.0, 48968.0, 49462.0, 48036.0, 47762.0, 48133.0, 48593.0, 49436.0, 46954.0"
Importance Sampling,1.5,1000,843.3,0.13958518505096434,987714.8399999999,0.017461073380818287,"48098.0, 48458.0, 47892.0, 48711.0, 50144.0, 49063.0, 48749.0, 47354.0, 47910.0, 46595.0, 49416.0, 48612.0, 47949.0, 46955.0, 49946.0, 47374.0, 49458.0, 49057.0, 48120.0, 50091.0"
Importance Sampling,1.5,2000,776.6,0.2661586403846741,642409.6,0.01608000662580752,"47785.0, 48048.0, 46853.0, 46663.0, 47263.0, 47873.0, 48263.0, 48484.0, 47470.0, 47928.0, 48071.0, 47863.0, 49236.0, 47771.0, 49852.0, 47198.0, 47111.0, 49118.0, 47033.0, 47517.0"
Importance Sampling,1.5,3000,510.1,0.3889037728309631,396455.33999999997,0.010561951300314726,"48238.0, 48567.0, 47560.0, 48695.0, 48037.0, 48837.0, 48441.0, 48873.0, 47639.0, 48134.0, 48459.0, 48395.0, 48839.0, 49676.0, 47017.0, 49300.0, 49312.0, 47747.0, 48483.0, 48119.0"
Importance Sampling,1.5,4000,337.9,0.4999842166900635,161855.21000000002,0.006996438628457842,"48583.0, 47813.0, 48279.0, 47538.0, 48026.0, 48113.0, 48830.0, 47934.0, 48582.0, 48368.0, 48698.0, 48330.0, 47801.0, 48287.0, 47868.0, 47343.0, 47718.0, 48543.0, 48325.0, 48627.0"
Importance Sampling,1.8419585833184278,1000,634.25,0.17941497564315795,562509.8475,0.013132557561702835,"48957.0, 48147.0, 46988.0, 49592.0, 48027.0, 48723.0, 49565.0, 47136.0, 48088.0, 49306.0, 48904.0, 48073.0, 47690.0, 48368.0, 49125.0, 48825.0, 48529.0, 47946.0, 47182.0, 48660.0"
Importance Sampling,1.8419585833184278,2000,401.55,0.3556819915771484,271031.1875,0.00831435315554083,"48339.0, 48288.0, 48794.0, 49351.0, 49331.0, 47859.0, 47574.0, 48261.0, 48628.0, 48696.0, 47382.0, 48609.0, 48115.0, 47538.0, 48040.0, 48433.0, 48065.0, 48257.0, 47729.0, 48366.0"
Importance Sampling,1.8419585833184278,3000,361.5,0.5217329144477845,191205.81000000003,0.007485091933079344,"47804.0, 48337.0, 48406.0, 47997.0, 48841.0, 48990.0, 48533.0, 48383.0, 48352.0, 48618.0, 47635.0, 49415.0, 48544.0, 48984.0, 48220.0, 48127.0, 48632.0, 48328.0, 49173.0, 48155.0"
Importance Sampling,1.8419585833184278,4000,399.3,0.6746076107025146,214054.8,0.00826776544641378,"48862.0, 47372.0, 48542.0, 48856.0, 48058.0, 48113.0, 48108.0, 48953.0, 48329.0, 48127.0, 48887.0, 48738.0, 47820.0, 48421.0, 47990.0, 48600.0, 49281.0, 47874.0, 48620.0, 48049.0"
Importance Sampling,2,1000,644.95,0.20285334587097167,550707.8275,0.013354108000662581,"49191.0, 47726.0, 47683.0, 48600.0, 47992.0, 47285.0, 48839.0, 48095.0, 47975.0, 48661.0, 49058.0, 47170.0, 47823.0, 46809.0, 50020.0, 47514.0, 47834.0, 48102.0, 48001.0, 47829.0"
Importance Sampling,2,2000,343.75,0.41303802728652955,172570.5475,0.007117566672188174,"49090.0, 48952.0, 48117.0, 48749.0, 48368.0, 48369.0, 48515.0, 48191.0, 48389.0, 47947.0, 48903.0, 48164.0, 48758.0, 48737.0, 49286.0, 48242.0, 47931.0, 48260.0, 47594.0, 48389.0"
Importance Sampling,2,3000,306.0,0.6027540922164917,126367.19000000002,0.00633592844127878,"47832.0, 48212.0, 48124.0, 48131.0, 48020.0, 47756.0, 48269.0, 48802.0, 48444.0, 48696.0, 47814.0, 48697.0, 48550.0, 48035.0, 48550.0, 48803.0, 47536.0, 48181.0, 48397.0, 48093.0"
Importance Sampling,2,4000,450.0,0.7665685296058655,334605.61,0.009317541825409972,"46774.0, 48743.0, 47695.0, 48208.0, 49319.0, 48007.0, 48657.0, 48943.0, 48866.0, 48298.0, 48056.0, 48909.0, 47925.0, 48452.0, 48341.0, 47782.0, 47536.0, 48244.0, 48888.0, 48403.0"
Importance Sampling (Submatrix Method),0,5,48296.0,0.02032519578933716,0.0,1.0,"0.0, 0.0, 0.0, 0.0, 0.0, 0.0, 0.0, 0.0, 0.0, 0.0, 0.0, 0.0, 0.0, 0.0, 0.0, 0.0, 0.0, 0.0, 0.0, 0.0"
Importance Sampling (Submatrix Method),0,100,128578.8,0.1260508418083191,102258696058.19,2.6623074374689417,"144042.0, 0.0, 24007.0, 0.0, 96028.0, 0.0, 0.0, 0.0, 0.0, 24007.0, 0.0, 0.0, 312092.0, 0.0, 0.0, 1464433.0, 24007.0, 144042.0, 0.0, 0.0"
Importance Sampling (Submatrix Method),0,500,18774.1,1.5398741602897643,567315316.99,0.38872991552095415,"56848.0, 48590.0, 38219.0, 52047.0, 68372.0, 50318.0, 32265.0, 83544.0, 25735.0, 69140.0, 49742.0, 70100.0, 110624.0, 50703.0, 21894.0, 12867.0, 35722.0, 24199.0, 19205.0, 27848.0"
Importance Sampling (Submatrix Method),0,1000,19682.85,3.031883728504181,471195844.54749995,0.40754617359615697,"69716.0, 27560.0, 79631.0, 60089.0, 22278.0, 45253.0, 31905.0, 17693.0, 25975.0, 76654.0, 44245.0, 19157.0, 74806.0, 39467.0, 31929.0, 46813.0, 65563.0, 30753.0, 81432.0, 20982.0"
Importance Sampling (Submatrix Method),0,2000,10528.9,5.919591581821441,143564948.33999997,0.21800770250124235,"61035.0, 33120.0, 36364.0, 72276.0, 33732.0, 50799.0, 38525.0, 41610.0, 47002.0, 62013.0, 40037.0, 39161.0, 54835.0, 53991.0, 47047.0, 65686.0, 55696.0, 31197.0, 57046.0, 64996.0"
Importance Sampling (Submatrix Method),0,3000,8197.45,8.990080642700196,104779191.82750002,0.1697335183037933,"56109.0, 36810.0, 37793.0, 53537.0, 48624.0, 52190.0, 62590.0, 69595.0, 39160.0, 41222.0, 68546.0, 43590.0, 48288.0, 51351.0, 30513.0, 58919.0, 46501.0, 42890.0, 49755.0, 40500.0"
Importance Sampling (Submatrix Method),0,4000,6475.9,10.812912392616273,66058622.960000016,0.13408770912704987,"42938.0, 51427.0, 71066.0, 39940.0, 46375.0, 44999.0, 54059.0, 41033.0, 41145.0, 60381.0, 52626.0, 55624.0, 43543.0, 47256.0, 39611.0, 48158.0, 44294.0, 35943.0, 47005.0, 39793.0"
Importance Sampling (Submatrix Method),1,5,173291.15,0.00875086784362793,320234848538.6875,3.5881056402186515,"0.0, 0.0, 0.0, 0.0, 0.0, 0.0, 0.0, 0.0, 0.0, 0.0, 0.0, 0.0, 0.0, 2596495.0, 0.0, 0.0, 0.0, 0.0, 0.0, 0.0"
Importance Sampling (Submatrix Method),1,100,23006.7,0.021304821968078612,935410317.29,0.4763686433659102,"26588.0, 54184.0, 83284.0, 55851.0, 150648.0, 47496.0, 38907.0, 72374.0, 32710.0, 27106.0, 11162.0, 26087.0, 50141.0, 26811.0, 38102.0, 24820.0, 24994.0, 15676.0, 20126.0, 32131.0"
Importance Sampling (Submatrix Method),1,500,7503.35,0.6004135131835937,110447765.3475,0.15536172767931095,"43465.0, 52537.0, 44359.0, 84855.0, 39640.0, 45354.0, 40422.0, 48019.0, 48297.0, 39551.0, 39279.0, 46637.0, 58009.0, 44897.0, 45725.0, 33757.0, 52095.0, 37151.0, 39188.0, 41242.0"
Importance Sampling (Submatrix Method),1,1000,4376.1,2.8025583624839783,22881034.66,0.09060998840483683,"51843.0, 52960.0, 48742.0, 42747.0, 42942.0, 44670.0, 49614.0, 51190.0, 43563.0, 55670.0, 41413.0, 53412.0, 52418.0, 44310.0, 54042.0, 50158.0, 42276.0, 46478.0, 56783.0, 52273.0"
Importance Sampling (Submatrix Method),1,2000,3407.95,6.0021028280258175,14582501.8475,0.07056381480867982,"40162.0, 50036.0, 42267.0, 49385.0, 43127.0, 46524.0, 39748.0, 44518.0, 47693.0, 50456.0, 50857.0, 45563.0, 52209.0, 47836.0, 45332.0, 49115.0, 43346.0, 46346.0, 45627.0, 54414.0"
Importance Sampling (Submatrix Method),1,3000,3119.0,9.060710728168488,10785645.91,0.06458091767434156,"53341.0, 50241.0, 51843.0, 48157.0, 51173.0, 49722.0, 53091.0, 52325.0, 49262.0, 50565.0, 46690.0, 53825.0, 51393.0, 44050.0, 43354.0, 50362.0, 45252.0, 57022.0, 49825.0, 48853.0"
Importance Sampling (Submatrix Method),1,4000,3223.75,10.647210085391999,12528034.6875,0.066749834354812,"49302.0, 52630.0, 51399.0, 45251.0, 50082.0, 44134.0, 47548.0, 46641.0, 43955.0, 46053.0, 45789.0, 49662.0, 51864.0, 45721.0, 53046.0, 51525.0, 44377.0, 53689.0, 44196.0, 54941.0"
Importance Sampling (Submatrix Method),1.5,5,748789.05,0.0076734662055969235,9405172257783.648,15.504162870631106,"0.0, 0.0, 0.0, 0.0, 0.0, 106089.0, 0.0, 0.0, 0.0, 0.0, 0.0, 0.0, 0.0, 0.0, 0.0, 0.0, 14086626.0, 0.0, 79177.0, 124337.0"
Importance Sampling (Submatrix Method),1.5,100,33136.65,0.03402174711227417,6693232841.1475,0.686115827397714,"72700.0, 23232.0, 38389.0, 40571.0, 77840.0, 43361.0, 62375.0, 52542.0, 90434.0, 41976.0, 42239.0, 31739.0, 411202.0, 52436.0, 35323.0, 31487.0, 28552.0, 32851.0, 19428.0, 37424.0"
Importance Sampling (Submatrix Method),1.5,500,83448.8,0.8303754925727844,116864309111.2,1.727861520622826,"54781.0, 47767.0, 55282.0, 56988.0, 46146.0, 45022.0, 43550.0, 49644.0, 49687.0, 36778.0, 52438.0, 65598.0, 36443.0, 46895.0, 40062.0, 51946.0, 47203.0, 52759.0, 49224.0, 1617087.0"
Importance Sampling (Submatrix Method),1.5,1000,14071.8,2.849486494064331,1983626755.1599994,0.29136574457512004,"49203.0, 45375.0, 49226.0, 46923.0, 52287.0, 42614.0, 52988.0, 53200.0, 252208.0, 41750.0, 51733.0, 48035.0, 45241.0, 53229.0, 58497.0, 47789.0, 53783.0, 53918.0, 43743.0, 40774.0"
Importance Sampling (Submatrix Method),1.5,2000,1982.95,6.277896583080292,5939536.727500001,0.041058265694881566,"44364.0, 49179.0, 47662.0, 44622.0, 50505.0, 48096.0, 51725.0, 46549.0, 50058.0, 48501.0, 46969.0, 45709.0, 49190.0, 46222.0, 48890.0, 45535.0, 52530.0, 47049.0, 53272.0, 48006.0"
Importance Sampling (Submatrix Method),1.5,3000,2461.15,9.22076964378357,9356311.547500001,0.05095970680801722,"49246.0, 47016.0, 54946.0, 50791.0, 46848.0, 46211.0, 50518.0, 48197.0, 45686.0, 48100.0, 47971.0, 54322.0, 50288.0, 50889.0, 48092.0, 46741.0, 57033.0, 50477.0, 45841.0, 51416.0"
Importance Sampling (Submatrix Method),1.5,4000,1225.4,10.79377121925354,3131392.94,0.025372701673016397,"45594.0, 48176.0, 48278.0, 46960.0, 48368.0, 47134.0, 49551.0, 45994.0, 48654.0, 48311.0, 53134.0, 49406.0, 48703.0, 48629.0, 48648.0, 45067.0, 47830.0, 47939.0, 47018.0, 51094.0"
Importance Sampling (Submatrix Method),1.8419585833184278,5,48296.0,0.007748305797576904,0.0,1.0,"0.0, 0.0, 0.0, 0.0, 0.0, 0.0, 0.0, 0.0, 0.0, 0.0, 0.0, 0.0, 0.0, 0.0, 0.0, 0.0, 0.0, 0.0, 0.0, 0.0"
Importance Sampling (Submatrix Method),1.8419585833184278,100,115495.75,0.015508162975311279,190071144525.52753,2.391414402849097,"2039999.0, 32933.0, 126418.0, 49317.0, 39297.0, 56710.0, 38074.0, 30250.0, 18934.0, 39931.0, 38853.0, 36353.0, 41068.0, 60471.0, 25344.0, 45502.0, 24874.0, 23433.0, 49945.0, 24467.0"
Importance Sampling (Submatrix Method),1.8419585833184278,500,9229.1,0.5546187877655029,352482758.2900001,0.19109450057975816,"46483.0, 53907.0, 51638.0, 41003.0, 38286.0, 56282.0, 55125.0, 46128.0, 47378.0, 128695.0, 46102.0, 39269.0, 49727.0, 50391.0, 61068.0, 40572.0, 51471.0, 44334.0, 40002.0, 40757.0"
Importance Sampling (Submatrix Method),1.8419585833184278,1000,3828.7,2.646975350379944,20776581.89,0.07927571641543814,"41290.0, 43776.0, 45130.0, 47808.0, 57239.0, 41312.0, 48387.0, 42245.0, 56945.0, 50702.0, 43795.0, 46209.0, 47305.0, 50496.0, 46691.0, 49243.0, 52766.0, 45600.0, 46413.0, 41406.0"
Importance Sampling (Submatrix Method),1.8419585833184278,2000,2798.25,5.441507589817047,14034978.8875,0.05793958091767434,"47962.0, 44803.0, 43182.0, 46223.0, 47070.0, 44970.0, 56628.0, 51448.0, 46631.0, 46516.0, 52242.0, 47539.0, 46454.0, 47819.0, 57588.0, 48898.0, 51397.0, 48167.0, 47852.0, 43416.0"
Importance Sampling (Submatrix Method),1.8419585833184278,3000,2153.95,8.100255608558655,8366565.6875,0.04459893158853735,"48176.0, 55746.0, 47930.0, 46907.0, 48900.0, 52911.0, 48601.0, 48055.0, 46393.0, 51644.0, 44875.0, 52789.0, 55404.0, 48388.0, 49998.0, 50194.0, 46362.0, 48537.0, 48532.0, 46683.0"
Importance Sampling (Submatrix Method),1.8419585833184278,4000,1273.95,9.582974708080291,2572622.1475,0.026377960907735632,"44607.0, 48368.0, 46882.0, 47935.0, 48256.0, 46323.0, 49725.0, 44853.0, 46569.0, 49469.0, 48245.0, 45713.0, 49022.0, 51081.0, 49250.0, 47639.0, 48308.0, 47558.0, 47407.0, 49059.0"
Importance Sampling (Submatrix Method),2,5,45975.1,0.009238219261169434,1165144990.09,0.9519442603942355,"0.0, 0.0, 0.0, 75343.0, 0.0, 0.0, 0.0, 0.0, 0.0, 0.0, 0.0, 0.0, 0.0, 32420.0, 0.0, 0.0, 125092.0, 75343.0, 0.0, 0.0"
Importance Sampling (Submatrix Method),2,100,14119.1,0.033847928047180176,343741654.18999994,0.2923451217492132,"30405.0, 38079.0, 33311.0, 45687.0, 107847.0, 27822.0, 55549.0, 32077.0, 79180.0, 41623.0, 30337.0, 37756.0, 53660.0, 58384.0, 41764.0, 44550.0, 36544.0, 35779.0, 43887.0, 35577.0"
Importance Sampling (Submatrix Method),2,500,6015.7,0.34053462743759155,55886460.04,0.12455896968693056,"61194.0, 43414.0, 53353.0, 48397.0, 53325.0, 41012.0, 66826.0, 48029.0, 51865.0, 48937.0, 50195.0, 40434.0, 36854.0, 46128.0, 44702.0, 41382.0, 37938.0, 40720.0, 52653.0, 42410.0"
Importance Sampling (Submatrix Method),2,1000,8795.05,2.436713194847107,405607622.0475,0.18210721384793774,"47448.0, 134020.0, 47966.0, 45425.0, 36583.0, 43906.0, 43168.0, 49071.0, 42710.0, 55830.0, 75032.0, 45794.0, 44302.0, 46716.0, 44526.0, 48370.0, 51993.0, 43082.0, 48779.0, 51248.0"
Importance Sampling (Submatrix Method),2,2000,1615.65,5.02380211353302,3632559.8274999997,0.03345308100049693,"51563.0, 48360.0, 44956.0, 45969.0, 45408.0, 47034.0, 49971.0, 47900.0, 49363.0, 50038.0, 49338.0, 49734.0, 46403.0, 48192.0, 49274.0, 50429.0, 48745.0, 50055.0, 48834.0, 52247.0"
Importance Sampling (Submatrix Method),2,3000,2946.75,7.636767435073852,17334842.3875,0.061014369720059636,"47805.0, 51306.0, 45975.0, 47506.0, 46790.0, 50956.0, 59319.0, 46339.0, 50474.0, 49108.0, 62104.0, 50329.0, 50204.0, 44450.0, 51752.0, 49562.0, 46732.0, 47568.0, 50717.0, 47139.0"
Importance Sampling (Submatrix Method),2,4000,1357.25,9.271031415462494,2303189.3274999997,0.02810274142786152,"47305.0, 49648.0, 48727.0, 51081.0, 50213.0, 44845.0, 48949.0, 50552.0, 48844.0, 48206.0, 47621.0, 50039.0, 49366.0, 48934.0, 48105.0, 47918.0, 50462.0, 51342.0, 50257.0, 47493.0"
Hybrid,0,5,33541.84929187166,0.05700448751449585,2645929908.789468,0.6945057415080267,"31946.020794160242, 19179.575106917415, 18617.4557539958, 31497.02093581912, 9193.477959408992, 20770.54806995508, 35330.47133777864, 14826.58605913308, 18957.868547151782, 252484.53604869475, 10493.225842004767, 27701.156687530587, 25671.25908585564, 48341.03047553315, 29624.377216635654, 81744.10139158528, 21616.36677201673, 23539.720375169407, 16441.248199144247, 32470.303335702833"
Hybrid,0,100,12486.768222003766,0.06496222019195556,198348724.50467855,0.25854663371715597,"25222.238867340497, 57113.882949750376, 40313.872345404154, 48323.74250417698, 76989.21408556752, 35529.65678533137, 55925.46629570128, 65201.60679665818, 38303.796368895666, 56587.45803200172, 63128.321133790916, 59996.06561708709, 59849.73030850096, 34390.95161476658, 44570.140073447685, 36028.2245808121, 75141.6759933623, 51501.4795231765, 36234.593423289996, 63754.195259589535"
Hybrid,0,500,4817.895003396916,0.04526301622390747,45226881.22880007,0.09975764045463215,"49484.34086868475, 52217.195550724544, 40111.631372313794, 49946.47067946714, 36489.418429757825, 44573.45355480376, 49966.40893621795, 48950.33464748001, 68190.09930328652, 44149.56232637457, 47682.8342946181, 47313.298052564765, 50225.5486819371, 45661.12305971398, 46620.9518005582, 52595.08283595892, 51005.47897108131, 62082.613923082325, 53455.18498273054, 54025.41357799218"
Hybrid,0,1000,3336.4660341485665,0.06470093727111817,18292715.24278333,0.06908369293830889,"50199.77325081867, 47643.55747386019, 45460.82808837629, 48998.54391558655, 46980.416655384375, 51378.3545491033, 47689.523492029904, 47054.06502119106, 50879.6143214727, 51660.23597948922, 41961.541319664284, 49279.808622630815, 38791.13052790329, 43568.72114284887, 49880.10244694011, 54639.555845733965, 49711.538582087785, 54952.58895886629, 39587.32465778376, 50478.31258928397"
Hybrid,0,2000,2349.2962502144455,0.0926518201828003,8504026.45766308,0.04864370238144869,"45972.179244080944, 52846.47591509057, 53485.54285269385, 48010.10433522215, 46314.03650176493, 49868.70584516955, 46056.68637051668, 48174.93024708676, 47762.60537220753, 45212.88735399281, 48505.95219898069, 44514.57598445127, 41940.7777176449, 47036.77620161586, 52224.63276699747, 48827.43481929009, 46683.67615416029, 51912.67410607165, 47126.763915322335, 50936.50589806152"
Hybrid,0,3000,1325.6426378910546,0.11276248693466187,2756050.902849246,0.02744829049799269,"50424.353419543295, 45969.100924076374, 48654.81932665129, 48036.89700513022, 48968.998738566996, 46464.42310758482, 47710.37879194755, 51647.57992376134, 48767.78111775921, 47716.359243525694, 46693.53666323922, 47992.46315392212, 49687.99675568915, 50911.74614827432, 44998.3358794593, 50458.04882248109, 49432.85787742158, 48269.89433455232, 49685.446823702405, 48275.387092591955"
Hybrid,0,4000,1345.698881347486,0.11747479438781738,2590772.9421756864,0.027863568025250245,"48480.84140123031, 50805.98202093458, 46826.44654439638, 47975.01613908455, 46027.00480139933, 48935.08445821721, 48110.42186310523, 47319.956821754226, 48751.112372276955, 46249.546832864755, 47219.25786535351, 47603.58958693274, 50392.170955137764, 46534.24518510252, 51499.760830938925, 47265.25895509366, 49236.61744321813, 46705.75380791601, 51139.410220375576, 47674.50367237682"
Hybrid,1,5,14519.139971961262,0.0338590145111084,284684047.95819825,0.30062820879495744,"33673.84594508001, 19985.440103746816, 22144.859812585742, 43467.95296807175, 41019.08996002764, 46202.85139545687, 57444.17131404971, 68135.04120098728, 34417.98621598536, 50554.391148613475, 66855.04652125092, 42207.47814967893, 19623.09370853632, 31547.194130592285, 39174.05477037587, 28022.855654964962, 80786.9212953677, 69657.25032138721, 51709.632854557945, 43048.95240188644"
Hybrid,1,100,2314.0905694937164,0.04469267129898071,9978224.969980976,0.04791474593120997,"47256.37559983739, 49728.229836459795, 48042.894347256784, 48488.671554155626, 49362.82823987672, 44318.53105455448, 55153.075070820814, 45578.48173812238, 45654.68439209034, 46552.711252283334, 49339.35074488159, 56236.44202752839, 46528.51114180207, 48888.30449870464, 49744.59294457535, 48181.470886314724, 45511.295304046296, 54552.74667429271, 46991.803329893584, 49404.32884478007"
Hybrid,1,500,1359.2315114209134,0.09421195983886718,2757029.4704935392,0.028143769906843495,"49005.56625502798, 45016.20007288879, 49330.04201035543, 48815.19314367999, 48966.736064669, 48541.44296335581, 51122.27883395477, 48701.834997849015, 50956.558675020584, 52509.09940920794, 48284.48286570146, 50654.64435844428, 49627.70533614113, 47840.700249923255, 48336.03593861081, 50455.64557916417, 49863.90557061884, 48575.18266629319, 45986.90065605828, 48188.9577294029"
Hybrid,1,1000,1141.6423505963467,0.13182346820831298,2038646.0075542866,0.02363844522520181,"46696.82154983575, 48304.7265674131, 49030.22322298661, 48581.47711018407, 48651.02023988029, 47241.46262918409, 46934.702696512155, 47961.687516525046, 48724.043085591205, 47030.74722428105, 45366.575941975425, 45373.24364879444, 48201.30745988368, 50140.157421797725, 48885.915394107455, 50137.54192901041, 47120.803834989354, 45001.436993751944, 48962.90182512967, 48248.37028844066"
Hybrid,1,2000,662.7082498791151,0.20580075979232787,711591.4537903223,0.013721804080650884,"47744.439310369395, 47856.45534894577, 46541.94570008516, 48210.24748649129, 49714.997223799735, 48319.1640479714, 47708.33811685074, 48899.387702962726, 48279.59174379349, 48068.7617160646, 48372.0477644088, 48787.429107372845, 48382.039788838185, 47378.80106540952, 48904.050248351115, 48650.47127406917, 49579.100926114625, 49720.338867071085, 46975.602289105744, 49281.32082373832"
Hybrid,1,3000,691.3791431991885,0.2588120222091675,693158.8813171724,0.014315453519943445,"48066.28710950772, 48598.39596977374, 49471.69818982729, 47713.5203914427, 49249.65446619611, 48074.61461906179, 46911.207666380426, 47902.91311824022, 47474.49677023378, 48490.15812709479, 48061.15782758104, 47259.0283472777, 47881.133732831724, 49225.82737114303, 48889.85744921884, 48406.46133126031, 48618.53865438354, 46415.12485534019, 48718.62977054783, 46674.15402756443"
Hybrid,1,4000,577.643971348439,0.32022135257720946,641125.5838866438,0.01196049302941111,"48298.66924473722, 48453.81141590138, 48667.038425277635, 47506.15554978227, 48445.59805229696, 48382.76074809136, 48861.08369794468, 48398.082863293996, 48026.1914243637, 46001.222538021124, 48045.63190788124, 47799.8716205023, 49378.55360944142, 47839.75411284775, 49562.81751215301, 48072.70589548172, 48520.40620317345, 49465.85714264103, 47103.64124040826, 48697.374801305006"
Hybrid,1.5,5,7808.0496091719615,0.028646600246429444,96994220.64338437,0.1616707306851905,"47538.04254122501, 33487.97926565626, 50041.16746952301, 59565.92207569826, 53740.386048749344, 45196.95834862008, 44055.140075843374, 47817.54994650043, 33515.33853695842, 48524.28093756118, 51575.773131461545, 54494.86984264609, 64426.08814090047, 23659.795173090588, 42148.58767394376, 32857.23828209925, 38731.06703054648, 50802.44318087056, 49392.70240961778, 33986.94417910536"
Hybrid,1.5,100,2713.8206795649244,0.04194254875183105,11136345.36429255,0.05619141708557488,"45367.92663240401, 47544.77851283902, 47299.29655649938, 52716.55751619985, 48937.00117567395, 45755.41823550645, 51120.90438444243, 48690.21878077447, 43282.600369303014, 42507.66781657458, 51854.73790627491, 48740.22119793354, 46452.63277005884, 50083.76072913777, 47730.47513408373, 40155.295064632846, 44792.500169096485, 52305.820742908836, 51188.16658857774, 49527.61583037334"
Hybrid,1.5,500,1091.8949681538277,0.10624020099639893,1740441.1272876237,0.022608393410506623,"49905.937604468956, 49906.386789077245, 48250.28328446758, 46726.953431513255, 48006.20903019161, 46374.812269144844, 50358.907256768376, 49467.880907240244, 46605.27712961818, 49519.563523241864, 48928.05247189186, 48084.14135952375, 50254.57986064241, 47793.349406359855, 46080.470917528604, 48100.59123236529, 48628.87754664113, 46403.28555821612, 48720.2999039505, 48572.78711808306"
Hybrid,1.5,1000,1222.514748433688,0.17802335023880006,1931158.9135929141,0.02531296066824764,"47850.389950188575, 49554.59258857082, 50440.31479695157, 47076.42740887621, 46651.41780046005, 50131.1502371798, 46866.96044694629, 49037.41203483476, 48167.35067348665, 48484.500863846886, 46443.72161717737, 47538.356304009154, 48994.290286741045, 49258.12164946108, 50194.71122041421, 45584.435266936336, 49609.8367533901, 50118.42989651145, 49284.1539722597, 47886.15986340702"
Hybrid,1.5,2000,443.3098014796942,0.3103427529335022,264370.8464723333,0.009179016926447205,"48493.21514148655, 48483.82190858195, 48393.59137889399, 48137.27523472265, 47728.40007899496, 48631.02735686878, 48547.1313294441, 49193.50207173869, 49344.909016087106, 48825.62749304846, 49229.53766913007, 47798.526342992554, 48094.11298765723, 47940.69117311144, 48450.95611288989, 48737.11913318513, 48340.09458688871, 48696.46463456228, 47262.49159087934, 48828.69560514636"
Hybrid,1.5,3000,563.9040678357694,0.4456435441970825,438002.0462648412,0.011675999416841339,"47945.12569911368, 47737.241360000015, 48620.69486598996, 48739.18302770727, 47853.87902243328, 48111.868493981194, 48343.53409756596, 48868.03227936623, 48818.48444349234, 48420.5109633785, 48008.80380814085, 47833.847058540756, 48032.74001301856, 46484.38224778938, 47189.34734793409, 47225.08766489182, 47643.13080581514, 47463.31229439124, 49418.37873953532, 48197.971244270186"
Hybrid,1.5,4000,329.95491251536697,0.6200614809989929,142179.72564355336,0.006831930439692045,"48784.98898236151, 48825.61574193987, 48108.425092594174, 47717.23214917997, 48249.10929084391, 48360.43823719182, 47848.62953892063, 48097.95919126683, 48442.7284922883, 48100.84610592662, 48420.977947625106, 48430.33759927611, 47736.975329100016, 48941.667653103446, 47742.34466729936, 48017.73630707845, 48648.326115786855, 48644.8114174397, 48645.71893847692, 47927.25520297234"
Hybrid,1.8419585833184278,5,8518.059495666834,0.027824342250823975,101155998.46782586,0.17637194582712507,"47718.919660938795, 60665.04475633724, 60529.503744110894, 51939.64669484048, 65538.25607474294, 54248.83478951672, 53712.22488220959, 43622.44794078327, 48219.78155694552, 29850.66383688924, 33339.44053749815, 41868.703832389256, 41372.772144682494, 45118.990946094964, 47684.01489244628, 53443.47359489399, 29744.49080436122, 35457.536041980515, 35663.24805165779, 39830.78437664771"
Hybrid,1.8419585833184278,100,2314.869172332689,0.05527946949005127,11910844.246037144,0.04793086740791554,"48088.98610086722, 58435.50695321595, 50071.01496092268, 50836.17151711957, 47829.82345648668, 48525.193606483226, 48088.2300885964, 49651.960228236305, 41930.38738282282, 46177.20749829953, 49896.54019912577, 47702.443012573065, 48654.828866737334, 47917.33741236146, 45444.87234307016, 46929.3238747991, 50808.69761271943, 52347.7998000546, 41763.878033337285, 47649.84109474736"
Hybrid,1.8419585833184278,500,1207.959515271576,0.14644604921340942,2941201.530103,0.02501158512654414,"47600.97165968347, 48921.987143227576, 48440.73923974584, 46985.972333063895, 48915.756807567006, 52437.46759600332, 48943.135484965715, 48930.43264826748, 47410.11050871859, 48780.39787967241, 43878.1399213947, 47498.92401158965, 51459.041151964535, 48410.806422678324, 48745.69907924335, 46438.54126867151, 46950.024565559266, 47732.02264564927, 48706.402535441885, 49146.03123098443"
Hybrid,1.8419585833184278,1000,890.6795100771851,0.22993441820144653,1238843.9294954403,0.018442096862621854,"48036.11557906461, 48027.746582362946, 46988.35258599554, 47885.24819846071, 48334.29462686413, 47275.96143896802, 48224.85540073793, 47844.7232304796, 47818.20343376661, 45645.34858471883, 49061.76946630983, 45340.77906223124, 49753.65841099961, 48127.12494637297, 49233.112987190216, 47697.811814790446, 49495.60243393065, 47597.57373605564, 48673.55565160082, 46596.55878134648"
Hybrid,1.8419585833184278,2000,571.0452381611685,0.4415124773979187,532538.780014336,0.011823861979484191,"47203.5874327063, 48441.506866992306, 48122.84772972852, 48124.30813287994, 49222.313810078565, 47668.074554170096, 49913.16796941444, 48743.412427193376, 48524.26756938634, 48105.59962207589, 47448.78804531204, 47986.41212152225, 48345.679714658276, 48371.036368211666, 47064.82154158767, 49098.55972584435, 46904.34166809152, 48600.78194043875, 47736.05333564253, 48525.012554722045"
Hybrid,1.8419585833184278,3000,583.699144507035,0.590528666973114,466709.5574118209,0.012085869316445152,"48991.84123642452, 48202.75794349465, 47892.763591783994, 46985.718076637284, 49560.93290993604, 47786.56330571803, 47238.251557922486, 49205.55671151139, 47476.40859910855, 48725.708671093314, 47518.971704533666, 48809.77045046456, 48178.22047002945, 47833.8616678876, 48279.70843253275, 47854.97981636419, 48972.73748852211, 48781.589380286874, 48845.73949416415, 48436.31171375041"
Hybrid,1.8419585833184278,4000,363.58842023610123,0.730929172039032,184770.47017121597,0.007528334028410246,"48765.84088735292, 47569.71436012604, 48007.310481848945, 48120.554959370784, 48060.64192681216, 48353.40204017456, 48461.61943833563, 47818.24229532663, 48643.41279084501, 47932.658126806426, 47853.671250592975, 48793.488169453885, 49238.61986525235, 47864.1651319467, 48310.27741220182, 48187.399619803065, 47891.00280566859, 47467.01200848003, 48516.73711557697, 48223.25634768878"
Hybrid,2,5,7055.784282728096,0.03927500247955322,72633086.11513397,0.14609458925642074,"39719.110004969414, 42053.80838662256, 50491.865745538125, 44982.57930514278, 41310.65957725369, 59614.67636719178, 44933.552864119876, 70653.92661092963, 40059.884405538665, 53838.49902511712, 50881.83032385653, 54100.228547445324, 56423.25805584939, 46768.013393750436, 33389.64402399739, 41376.02591801732, 44667.582417769554, 56789.97466407449, 45677.445810773606, 39924.26757748516"
Hybrid,2,100,2383.9950124846932,0.05630810260772705,8583783.779932093,0.049362162756433105,"44850.55708264592, 49199.87876676398, 47227.793251071205, 44699.59005064087, 53495.466725928105, 48730.885787124396, 54057.78747553929, 46456.01754888542, 47586.514604786, 44052.670991041894, 53152.61225630888, 49817.42364061032, 49834.010885186406, 49050.36683063448, 50997.93662226812, 47298.068363736, 50066.811614277976, 47433.279271014144, 43672.6575976661, 47446.13159346053"
Hybrid,2,500,1080.4415721775651,0.15799827575683595,1330500.355687129,0.022371243419280377,"49684.28324108545, 49380.24000351544, 47489.41269455503, 49751.48636919016, 47437.5253697096, 49583.48824813896, 50199.63812043079, 48902.914307647115, 48690.99278419814, 46608.37370741539, 46912.98248363654, 49512.54932576836, 48603.78213287486, 48427.27581209736, 50774.102285053006, 49249.5969225621, 50005.765423346405, 48595.23299658738, 47857.54170061835, 47078.68057300933"
Hybrid,2,1000,751.7876500731451,0.25527501106262207,646666.7338568328,0.015566250829740457,"48000.4677269647, 49505.45809645349, 49440.454302394915, 48728.070809683675, 48439.5331322293, 49539.71720170457, 48107.70674721283, 49020.34578796519, 49083.1039424242, 50139.682657007805, 47685.197306190414, 47510.673577372996, 47699.077738270156, 47900.95059550774, 47738.299527481264, 49376.83612062503, 47558.935613778136, 49170.84468970898, 49469.64275015945, 48084.62765611546"
Hybrid,2,2000,419.92762240687046,0.4454305052757263,197182.7933678756,0.008694873745379958,"48428.76336088125, 48762.88179066624, 47945.38222845902, 48979.13740341746, 48468.0078363707, 48215.50155183413, 48765.99583440192, 49314.00836690434, 48507.05741269551, 48144.580040887035, 48981.75934471454, 49149.786718479445, 48215.467725332885, 49295.48673173831, 47644.00761722101, 48200.58222304997, 48814.34409594749, 48455.42987599209, 48239.94744201622, 48857.36250472839"
Hybrid,2,3000,280.0079104505814,0.6213499307632446,127319.28562278414,0.005797745371264315,"48099.455770123226, 47829.612322883135, 48171.51559548182, 47833.89895075518, 49060.355705308415, 48269.17552647241, 47848.17682007883, 48034.755883289465, 48093.54405221419, 48134.18880739333, 49076.07864956453, 48312.351397409366, 48171.08235710444, 48263.429847478554, 47712.62792471412, 48681.106462336844, 48128.3953724987, 48191.63726749602, 48378.977686823084, 48504.78480555281"
Hybrid,2,4000,374.8234660773029,0.777219295501709,262709.22551526886,0.007760962938489791,"48159.61185837863, 48129.17199915636, 47956.30266907195, 48346.374381586655, 48199.217859831035, 47967.31172606021, 48159.33765913768, 47948.40222995026, 47612.4705013821, 48896.93775375816, 48737.662679852314, 47899.49121415679, 48471.668400755094, 48361.03374604714, 48380.931930212864, 47661.01111447622, 46455.169976654484, 48132.01910159297, 48887.38548520099, 48082.00714601848"
Variance Reduction,1,5,37792.41844762049,0.135822856426239,3630572843.3687186,0.7825165323757762,"265331.28387684026, 25806.853287118196, 27985.393721483084, 25868.25565804765, 31544.3765764272, 25358.43478580938, 83191.84067393218, -3086.36237453922, 25074.696070944574, 20009.311566731558, 122491.5564529926, -54035.101109892596, 18712.84532600683, 26044.16219027975, 29165.383679426886, 43337.018714947204, 46486.4606535932, 25634.406638309563, 48530.27862208979, 29342.45528875176"
Variance Reduction,1,100,10898.258347534735,0.20147309303283692,128067447.12049699,0.22565550661617392,"35570.09535436798, 28235.26658201467, 45758.44757224186, 39380.02241128799, 42730.228045054326, 36267.890341685954, 56825.82325930073, 62209.62041346751, 54476.177320155606, 27768.589830362074, 39767.355006784965, 47049.79964638469, 57907.76283687978, 32161.46393868151, 56203.25829806458, 50017.03225467164, 60869.273256169276, 34182.67284503241, 28127.054406552543, 33320.89470756349"
Variance Reduction,1,500,4940.942387601435,0.2093927502632141,32239432.683556337,0.10230541634092749,"42670.520606033555, 54260.3015096956, 45651.162956384454, 57925.148590777266, 44853.07609253071, 60876.99287292786, 44598.58489746563, 48520.14943197145, 52385.984845000086, 38907.1286485773, 51737.09735881017, 48939.680870525226, 41287.920507974464, 55157.301254636455, 50571.38303068556, 50978.861184857524, 53813.24460110534, 49942.567272751534, 54644.28423948035, 43189.75560222962"
Variance Reduction,1,1000,4178.67998801362,0.217822265625,24797560.95589637,0.08652227902960122,"47491.86304613328, 39255.41920538163, 41641.78392200091, 46191.57038969147, 51051.683925732934, 52571.588387148, 42446.68238994042, 41965.80335528642, 48481.97643693659, 42308.242897677344, 47376.65888635531, 40610.55272666765, 47487.489471547684, 48713.49117886311, 59041.16126568447, 46708.903874587355, 46559.2334118066, 42775.70147225839, 53438.06231599232, 53319.54129924945"
Variance Reduction,1,2000,2194.6466347396636,0.22395356893539428,6866512.5496388255,0.04544158180262679,"47999.881210898464, 47227.05537744681, 47467.78432080569, 48095.50106682966, 51793.46033174967, 47861.95207798679, 45798.23576285966, 48343.05854493892, 45964.39138857345, 45767.565324714786, 54436.22766028172, 48155.80650906792, 48956.055354984564, 51598.37328316781, 50824.600914660994, 53193.01018433744, 54024.299294873, 52225.22574952097, 49417.13254328631, 50011.66187217509"
Variance Reduction,1,3000,2168.7405242770587,0.17265045642852783,6592164.558306995,0.04490517898536232,"49405.39507612312, 46396.38214632196, 49330.581917660806, 48688.3709702101, 46130.21840901481, 45941.57945570096, 54350.64835311323, 50678.05524339292, 43806.79740440305, 47965.51198243544, 45962.39948504946, 47026.85504970327, 48295.18659420544, 46191.41690482557, 46124.60018115724, 51272.813542700336, 45950.73299877837, 50641.537515020675, 52019.72147446982, 46404.63299555427"
Variance Reduction,1,4000,1118.3537381244382,0.17096683979034424,2129875.920152776,0.02315623940128454,"46814.860680627986, 48041.2024896118, 49166.23235156733, 48583.07367355676, 46667.88571477759, 49446.36512180503, 49683.17062402866, 48951.08040425738, 46531.36730550118, 47549.82466116434, 44927.09138331278, 47813.03208144341, 45625.70358851331, 51267.19232699645, 48318.520760269144, 48390.37611926573, 48137.86113314564, 48436.999601045856, 47564.80276752663, 49797.69558532109"
Variance Reduction + Importance Sampling,0,5,38365.67566331213,0.161384117603302,2930494635.669484,0.7943861947844985,"156012.6412326796, 26276.466919345814, 27342.935387106434, 202468.8741647658, 27477.01567626682, 26580.650033308044, 28942.984120802295, 56532.623470110564, 27482.556206415178, -13000.604970711065, 159217.44219457466, 23299.173490391655, 26058.52195899928, 31352.2870832949, 26812.776288113822, 26563.625346086275, 26447.906235507675, 27506.169091298798, 21372.67335343109, 25954.931576230894"
Variance Reduction + Importance Sampling,0,100,11595.573920781115,0.17152246236801147,208814896.88536873,0.2400938777700247,"48044.12113631252, 41263.51399654017, 64161.699028885756, 71544.60605274422, 45110.94222252938, 44865.384765759314, 44252.78451722118, 66785.49778279783, 68249.3810642977, 92768.95255122012, 41474.72371574952, 48653.88309399696, 51773.793199521664, 64288.621394903144, 52103.898007301934, 30906.769000027558, 44047.44623063662, 76609.4121298652, 50290.63184333907, 57830.78785152492"
Variance Reduction + Importance Sampling,0,500,4352.75363216422,0.20702123641967773,24568582.551174387,0.09012658671865618,"51756.187356043134, 45886.885126691115, 46761.32485529164, 50531.36113965263, 45576.68959420347, 45950.905460437934, 51079.26668657356, 53256.72493954731, 43826.888384515994, 44139.15905219034, 56417.642434315065, 55933.140601939325, 47208.01881128544, 46187.4959223399, 42383.27640699518, 53381.69125560933, 52311.759468841425, 54160.975997945316, 42691.80040722225, 37753.23321600946"
Variance Reduction + Importance Sampling,0,1000,3696.966593390219,0.20286279916763306,20348331.341197014,0.07654809080234841,"42983.211929126905, 46077.87678593238, 47638.63797021217, 49552.65036330341, 56609.95554851438, 43212.07075090519, 51563.46490268519, 47764.63050612196, 41098.37582741509, 52642.66476821777, 48152.814237631836, 52758.52760423357, 46197.05090068989, 47220.97940540639, 49627.48698209684, 45686.23835066036, 57096.58016648892, 41118.32264615971, 44143.54602363209, 52197.75686615825"
Variance Reduction + Importance Sampling,0,2000,2501.368776095224,0.20066725015640258,8376620.343460848,0.051792462648981775,"50538.39799039243, 50477.544862945215, 53395.05926775449, 46362.3500225193, 43727.33986256999, 49924.527970396906, 51478.86716287682, 43704.87317725463, 44118.50763960544, 46199.592629519895, 44635.17559377492, 51446.6628503918, 47533.512306748635, 49275.67449758805, 50812.67912043569, 52465.355329870945, 48945.595175133785, 48630.963739158615, 50385.7080637352, 48284.30927678265"
Variance Reduction + Importance Sampling,0,3000,2208.9858725738195,0.1861856460571289,8244022.793174471,0.045738485020991794,"51061.860194252404, 46419.1277709075, 57760.48709735377, 49414.831443860916, 52055.18731082466, 49831.871378266405, 48795.15015134664, 47656.245731362236, 45541.00401454838, 46747.77627432938, 49387.94311674405, 47450.79859036525, 53867.608176541464, 46017.583728411606, 49487.05845124581, 50417.9532647623, 45972.879888458876, 49248.93072731697, 49356.13652699825, 47515.88438965401"
Variance Reduction + Importance Sampling,0,4000,1622.106894274469,0.1776781678199768,4125743.818607303,0.033586775183751624,"44718.38559605633, 49955.33527183385, 51093.97233537798, 48776.48820486772, 44337.91290232379, 52402.24123593938, 48483.54901647465, 47999.53676919692, 50756.19851548902, 48081.60090958977, 49580.049544749774, 47008.46642271762, 49376.239962129075, 47357.1306993803, 49136.77287087279, 49432.29087696566, 48345.04658549376, 50085.71969665394, 45161.29552479038, 49458.5625926969"
Variance Reduction + Importance Sampling,1,5,18419.906596575667,0.14004104137420653,515940433.6562956,0.3813961114083084,"65942.66411174915, 39884.504834403866, 71490.42591397764, 72742.05531595553, 51252.55626465834, 25804.658081157704, 17728.725157082183, 40114.76502370444, 25338.253486485923, 39623.092542765145, 43216.80657564196, 92460.12263439425, 37866.232468280745, 63346.008789632695, 17659.446359706508, 35194.10158092665, 47332.04929289902, 17446.909706332724, 96492.74181238911, 47894.897801856576"
Variance Reduction + Importance Sampling,1,100,3613.5388357028933,0.15883874893188477,19714052.614189096,0.07482066497645547,"46003.91712533005, 43830.95176533138, 54417.0603416204, 46806.57064429973, 49251.33236737802, 46225.73166655912, 48909.0366343891, 58659.79076312209, 54558.02793199811, 43602.97092105504, 48546.287226617416, 43359.04034257167, 43726.464026650785, 48675.912592985784, 52393.751581683406, 49506.85593950499, 41075.61969429614, 44414.22220545021, 52928.16394974068, 46529.95422343799"
Variance Reduction + Importance Sampling,1,500,1911.2888865288428,0.20844284296035767,5130654.099185134,0.039574475868163886,"48765.61987171337, 47175.81694157544, 47773.107561965146, 52101.13241734291, 47448.96981933393, 48177.39001606531, 52731.554072831575, 45640.49298745908, 45648.57959528354, 49234.256418432815, 46981.69067737687, 46176.79010881266, 50763.86666398198, 46104.5002053211, 47209.26897372529, 45650.1587890198, 45605.51663021821, 52126.65467211767, 48653.06649088994, 50257.909429422965"
Variance Reduction + Importance Sampling,1,1000,1168.4918095619457,0.24251827001571655,1997673.441272655,0.02419438068498314,"47335.30947779635, 48278.18283183355, 50452.795000875216, 50083.24011436638, 45689.945529911936, 48973.11219971114, 49241.41296956824, 45939.96481086093, 48079.533749246795, 49381.191175832086, 47130.266596565314, 49434.31599850326, 45930.96337462752, 48307.11693500762, 49716.4273272446, 50051.753149544784, 46849.13752708585, 48433.039066773315, 48083.05581333393, 47388.20803492556"
Variance Reduction + Importance Sampling,1,2000,767.9089964284907,0.30403374433517455,768498.2618796063,0.015900053760735687,"48130.96818909439, 46866.19645432499, 47733.60169396853, 46901.82193447734, 47152.429309545805, 47772.477637070195, 48894.45337294284, 47311.8074118321, 48155.94762521501, 47581.79946603509, 47775.17243907562, 48315.7405970213, 47628.74672729553, 46400.89046289659, 49089.40805177103, 49122.8898169389, 48282.71252931347, 49185.24011525697, 49691.60755288464, 48977.412301898796"
Variance Reduction + Importance Sampling,1,3000,748.6139558304537,0.360261869430542,869948.9740168427,0.015500537432301925,"48066.85036193885, 47754.816162809264, 45732.50783272099, 47886.298568896214, 48813.11340277068, 48944.62729252419, 49099.30444165258, 48050.30230111411, 47156.12587233088, 47819.34353545875, 47706.66527443904, 47095.49973020619, 48074.3308604322, 48613.61996837259, 46591.08686070185, 48132.62836261752, 48075.98947603943, 48838.795818511164, 49203.19424859383, 49826.069143889334"
Variance Reduction + Importance Sampling,1,4000,662.2908451889125,0.4164218783378601,683744.5877248581,0.013713161445852917,"47603.20471535404, 48095.440198283235, 48915.65193812429, 48253.661852144, 48581.27041926304, 47929.752770634, 47195.8937380565, 48758.5326840446, 48243.68291666172, 50193.629719157594, 49575.367635401926, 47885.42806046994, 47559.28916792239, 49154.85532615086, 48461.757076770155, 50533.24194175046, 48179.69323408063, 48816.49100782457, 49107.602878111175, 48685.46293078604"
Variance Reduction + Importance Sampling,1.5,5,8461.57759770173,0.14047123193740846,108320115.09614447,0.17520245150119534,"45897.753649027756, 48249.12939561752, 65970.48443413457, 48648.90576310832, 28921.809966374985, 55524.48974439373, 40481.72246300331, 60269.97640050582, 48213.33424484563, 36666.2403436017, 59897.45330245047, 41766.82959579284, 57967.949381767656, 73071.84574998499, 51570.9650312757, 62251.441650367575, 46838.971955072986, 47967.67481376347, 52766.66655015954, 62886.840372986415"
Variance Reduction + Importance Sampling,1.5,100,2747.766568667078,0.16671007871627808,12383565.669428464,0.056894288733374966,"49345.60475991219, 43971.49765820479, 49447.76569790422, 50578.550003450444, 46436.123593948876, 48973.25624194468, 54949.213646960736, 53840.777154621086, 46799.439303236606, 45241.086642602226, 42102.330412531206, 48114.08665306913, 43799.54681211762, 47124.98643318808, 47099.922366761944, 55567.91127209963, 44630.03706113438, 48317.64812476732, 47723.687630751236, 46206.65096077265"
Variance Reduction + Importance Sampling,1.5,500,1411.179475476222,0.21539955139160155,3078958.308021544,0.029219386190910673,"46927.1460394603, 49919.16307829556, 50480.70040847646, 48917.32116198324, 47259.885055722996, 47430.55200641699, 48921.98785980273, 48633.431705601535, 50342.22278556058, 51870.199080225175, 44249.843323865556, 45976.09948104577, 46027.89086493935, 47593.98851712296, 48067.265738393115, 46255.47288751645, 46691.78932264457, 48142.663407544576, 48332.153906524654, 47754.99383227286"
Variance Reduction + Importance Sampling,1.5,1000,986.6634835302582,0.28019880056381224,1238815.0906640622,0.020429507278661965,"45772.617201616355, 50087.11044621448, 48833.380250713184, 47880.87477788058, 47987.2489866146, 47980.335772973696, 49716.126423468726, 47811.36440067553, 50322.39378683376, 48737.98195041466, 49517.617091972126, 49536.40094868021, 47916.119359528086, 50079.04542914112, 49466.467752834316, 49307.98896621458, 48056.65517487982, 48046.366391914664, 47426.18017161833, 49598.51886181966"
Variance Reduction + Importance Sampling,1.5,2000,685.3929808195059,0.40592572689056394,618065.4727533625,0.014191506145840352,"48157.145767897186, 48086.85662491751, 50001.614133037445, 49155.45854283215, 47767.68437475067, 48001.49242055215, 49245.466426913335, 48748.88525189721, 50223.935431148966, 48677.01216372396, 48644.07540959274, 47244.67701017193, 48982.177050226455, 48856.84917504549, 49304.76748006077, 47772.81754707466, 48865.018467377486, 48167.67087182432, 47777.67198926164, 47429.38330901583"
Variance Reduction + Importance Sampling,1.5,3000,351.7432549958612,0.5154149532318115,222871.01271886512,0.007283072200510626,"48091.41316893466, 48686.21291173463, 48127.546157185665, 47755.32337441315, 48677.21724883699, 48289.704287588735, 48505.650402825144, 48590.95986943319, 48116.74107899162, 48056.13694346236, 48077.39571762699, 48195.174837935025, 48234.34647426959, 48481.333216722705, 48838.349726893946, 48284.57274587298, 47776.985354190976, 48918.60086349527, 49736.42425636609, 47578.54325591898"
Variance Reduction + Importance Sampling,1.5,4000,366.49386906062756,0.6185705542564393,200958.2390653829,0.007588493230508272,"48173.58984510432, 48080.50304776913, 48461.60275360455, 47860.8235237024, 48638.906542088655, 47839.418532223266, 48570.59158770868, 47956.854184384945, 48432.098055374285, 48773.32556204288, 48889.547629856206, 47761.609128321325, 48562.96685004146, 48955.83497257263, 48473.37921783826, 47117.44052969516, 48875.32582098133, 48298.18280005684, 48173.81148231688, 48045.834137435806"
Variance Reduction + Importance Sampling,1.8419585833184278,5,8752.643784079992,0.1421754002571106,112500929.53995219,0.18122916564684427,"49920.441482134454, 44369.347509018735, 51280.134685146135, 39518.71402980277, 40754.00673433609, 33961.95870572325, 34961.593535242224, 43475.42642154467, 32084.391728702263, 57590.059118227684, 43528.70982219012, 46142.731871374745, 26227.380158149506, 53658.691209085555, 47831.00517433564, 61507.45506836055, 50484.787422516885, 61240.69020239756, 58068.106861447486, 67565.77532270354"
Variance Reduction + Importance Sampling,1.8419585833184278,100,2557.8282532482826,0.17969681024551393,10134967.951277409,0.05296149273745824,"45315.77953729988, 45459.64763110414, 44964.699743626814, 38382.93324243141, 48669.255214347526, 44580.602631132, 49674.75830726306, 48669.8384028741, 48521.76886676317, 47109.98934025416, 45456.03685983418, 51307.555256941145, 49871.93158279874, 48057.85694560845, 44558.126259359466, 50084.64906439377, 47164.25506504951, 46451.55948365969, 54091.7938127112, 45417.49870376735"
Variance Reduction + Importance Sampling,1.8419585833184278,500,1089.5152307616881,0.2748256325721741,1943738.5797738202,0.0225591194045405,"46800.28532515693, 47476.3644341828, 48366.55427381726, 49803.694797713484, 48419.97450327241, 49296.17879392253, 49627.37369314022, 45401.104537031904, 50496.02027742303, 48454.831560555285, 46871.32145612423, 48514.399543322266, 48621.12264799292, 48765.05597748683, 47776.59232993936, 46714.90671348735, 48644.863349680636, 49047.62359622837, 44883.731370448506, 47159.0822329504"
Variance Reduction + Importance Sampling,1.8419585833184278,1000,778.6562913670401,0.37168595790863035,896981.6372219129,0.01612258347206891,"47264.4634759785, 47620.82748998046, 48025.95643915731, 49613.398845747804, 49861.11452135493, 46904.56489486224, 48648.85887483286, 48167.05977335334, 47116.84842494234, 49268.183566755186, 49017.247487575194, 47487.68508083868, 46314.535683576316, 48856.23477790016, 47898.96855847003, 48518.162668627745, 48016.08973013235, 48345.00076863423, 48548.46497494623, 49713.45889225802"
Variance Reduction + Importance Sampling,1.8419585833184278,2000,487.8908584300916,0.5255170941352845,330263.4344339747,0.010102096621461231,"47019.39529051873, 47957.37765005813, 48081.988927112274, 48333.76480090991, 49232.098670209874, 48380.490397752845, 48768.39057965565, 48887.828196299466, 47760.28746387772, 47954.81473634518, 47698.85893932276, 47673.3429598824, 47701.27525469009, 48264.76719040618, 49039.57177903967, 47598.371261014196, 48464.92365219861, 48353.799563064815, 47319.972892617814, 48735.40209531647"
Variance Reduction + Importance Sampling,1.8419585833184278,3000,450.84544306564277,0.6781740427017212,261402.86938582576,0.009335047272354704,"49049.88941548329, 47956.3100617823, 48298.104424016616, 49127.03422219521, 48648.850062160636, 48581.80207223804, 48355.80406395964, 48751.28617844471, 48957.381679711085, 49156.11741564428, 48822.53435642441, 48375.33297641077, 49360.23854720624, 47311.73175306043, 48464.15840723998, 48118.701132949966, 48242.456921629986, 48218.24809560503, 48961.50490102967, 47677.681895824004"
Variance Reduction + Importance Sampling,1.8419585833184278,4000,297.77161943598514,0.8224875569343567,144642.09818451438,0.006165554485588561,"48749.56895178185, 47719.12316303647, 48522.747270713335, 48490.43874691691, 48362.90631997961, 48344.877179825075, 49040.07151206592, 49085.06974281501, 48024.9012326398, 48248.2925750633, 48214.93377666413, 47719.1434855504, 47963.19213751525, 48755.175551549764, 47947.79882455462, 48841.12131678315, 48255.06876633331, 48414.868795775204, 48284.77629593649, 48274.182742192344"
Variance Reduction + Importance Sampling,2,5,9314.761221099656,0.13195964097976684,127526329.92100954,0.19286817171400644,"54181.918692837, 45950.96753258394, 28996.42508013305, 48355.8756813714, 56079.0773203324, 37281.5056913569, 46602.89495333448, 62050.53414450448, 52114.69141597175, 20235.910712446646, 45918.08740115059, 37153.81448574957, 46058.89496402937, 59637.81400477408, 39269.12187064476, 45190.20400308046, 36358.87863613225, 33770.14823725253, 60314.17658980554, 63163.99014029102"
Variance Reduction + Importance Sampling,2,100,2158.6633516704883,0.16533167362213136,6040761.748227233,0.044696524591487666,"46697.07823704156, 49648.37908225657, 52005.84485605437, 46271.172261307074, 46885.92544753014, 44915.98841106606, 49624.267920134625, 46371.98800410957, 39962.84119959745, 44474.22687881353, 48739.24213624729, 48618.727272930904, 45081.6547159292, 48435.12468023627, 48059.46770360746, 48962.82216025266, 45798.68610661392, 45918.15566501556, 46294.99079055146, 45904.96565351994"
Variance Reduction + Importance Sampling,2,500,1154.706004299606,0.2508432507514954,1379299.1419677183,0.023908936646919128,"47597.125517717934, 47445.749174026336, 50512.32029655339, 46925.533541985445, 48991.922154261265, 46145.6541068503, 47461.961577633534, 47081.362529965794, 48571.42942711982, 47195.18788095084, 49137.27397939345, 47049.126425244576, 49785.716949007336, 46448.054193914024, 47096.44765632905, 45991.04880043398, 48837.54842269721, 48042.88226826683, 47082.49187544626, 47547.46559427545"
Variance Reduction + Importance Sampling,2,1000,610.620765459364,0.3493872046470642,500712.5699734244,0.012643298936958838,"48134.56691508319, 47357.10425887536, 48156.98847837644, 47912.601436830264, 47673.067355005565, 47215.10596054624, 48402.70554665633, 47256.06362586736, 47914.220607285075, 48545.44901389413, 48061.772340983654, 47155.47963780717, 46797.72968852, 48473.747622006806, 49862.371830616496, 48205.93113048456, 47824.23859040779, 49131.94070579923, 47466.7568945864, 48559.82751087336"
Variance Reduction + Importance Sampling,2,2000,389.03017836159563,0.5332712888717651,223654.56400415473,0.008055122129401932,"48507.58508147376, 48225.53147713004, 48024.955529850944, 49334.17819680786, 49232.11635577999, 48666.24129558844, 48092.60040000552, 47516.61517481197, 48401.958313054995, 48170.874725092515, 48611.45556478659, 48480.7309141699, 48412.55398748372, 48742.12324615294, 48384.56575178151, 48681.67860013394, 49515.4188034368, 48137.79301266227, 48660.7197529101, 47906.35197677539"
Variance Reduction + Importance Sampling,2,3000,369.3810947752747,0.6921826481819153,305601.27057958965,0.007648275111298547,"48399.8182234999, 48391.68286257965, 48726.608942985884, 47599.81101774802, 47731.74038567171, 48811.35286244323, 48531.32108096664, 48317.623508162, 48402.95551852059, 48555.97767376149, 48526.7958188328, 48208.76010396864, 48521.9097338839, 48149.72613843548, 49122.547081073484, 47857.67264653074, 48410.35562240697, 48637.544252934786, 48354.84348881219, 46408.00448300343"
Variance Reduction + Importance Sampling,2,4000,455.7352455809669,0.8572489738464355,264111.7325012147,0.009436293804475875,"48816.7182482766, 48004.60351180029, 47858.84811026145, 48598.42092393892, 48398.687385429155, 47750.579196950675, 48035.4077667312, 47530.95441184623, 47132.39973824865, 48827.610824918265, 48432.66287935028, 48713.96401883098, 48870.109019436866, 48621.393804296305, 48637.50128162771, 48076.683651886786, 49163.46184033757, 48513.494897102144, 48784.28092347673, 48901.8752523231"
Variance Reduction,1,0,21551.0,0.08854310512542725,0.0,0.446227430843134,"26745.0, 26745.0, 26745.0, 26745.0, 26745.0, 26745.0, 26745.0, 26745.0, 26745.0, 26745.0, 26745.0, 26745.0, 26745.0, 26745.0, 26745.0, 26745.0, 26745.0, 26745.0, 26745.0, 26745.0"
