Method,Noise Scale,Sample Size,Avg Error,Avg Time,Variance,Avg Percent Error,Estimates
importance_estimate_per_node_method_multiplicative_noise,0.01,5,10082.8,0.06588832139968873,137862799.6275,0.002341738857781086,"4276933.0, 4320535.0, 4307854.0, 4303954.0, 4295285.0, 4320796.0, 4312187.0, 4298770.0, 4319125.0, 4312620.0, 4297016.0, 4310726.0, 4317139.0, 4316060.0, 4294189.0, 4296256.0, 4290441.0, 4317135.0, 4299313.0, 4314923.0"
importance_estimate_per_node_method_multiplicative_noise,0.01,100,2738.85,0.07439790964126587,23465763.39,0.0006358944702922355,"4304917.0, 4303471.0, 4314775.0, 4308694.0, 4306011.0, 4313842.0, 4311736.0, 4306234.0, 4307543.0, 4302142.0, 4300690.0, 4306943.0, 4309669.0, 4306586.0, 4309166.0, 4310835.0, 4297580.0, 4311552.0, 4305016.0, 4296200.0"
importance_estimate_per_node_method_multiplicative_noise,0.01,500,828.1,0.07518270015716552,10153983.040000001,0.00019232494772695479,"4304581.0, 4306193.0, 4303910.0, 4302642.0, 4306996.0, 4306735.0, 4302964.0, 4307147.0, 4309309.0, 4298156.0, 4307860.0, 4306794.0, 4302664.0, 4304325.0, 4306314.0, 4299789.0, 4302541.0, 4303600.0, 4312566.0, 4303506.0"
importance_estimate_per_node_method_multiplicative_noise,0.01,1000,679.3,0.0660882830619812,22505886.6,0.00015767936841311542,"4310864.0, 4310952.0, 4313882.0, 4307529.0, 4299243.0, 4313365.0, 4309713.0, 4295701.0, 4310618.0, 4312640.0, 4309394.0, 4309132.0, 4307148.0, 4309433.0, 4305427.0, 4298860.0, 4306194.0, 4305458.0, 4304606.0, 4307941.0"
importance_estimate_per_node_method_multiplicative_noise,0.01,2000,488.35,0.0699188232421875,12539619.8275,0.00011338405933600827,"4304251.0, 4302114.0, 4312813.0, 4309611.0, 4307111.0, 4307519.0, 4313606.0, 4308348.0, 4305085.0, 4308327.0, 4309184.0, 4302281.0, 4304265.0, 4303159.0, 4303477.0, 4305260.0, 4312231.0, 4305261.0, 4306824.0, 4312750.0"
importance_estimate_per_node_method_multiplicative_noise,0.01,3000,307.2,0.06777087450027466,18393056.41,7.131961331493535e-05,"4308433.0, 4295714.0, 4311306.0, 4311447.0, 4307889.0, 4304871.0, 4305805.0, 4309227.0, 4311728.0, 4306076.0, 4306897.0, 4297444.0, 4307482.0, 4307344.0, 4306861.0, 4302125.0, 4308115.0, 4299468.0, 4305882.0, 4302880.0"
importance_estimate_per_node_method_multiplicative_noise,0.01,4000,271.45,0.03328026533126831,11716686.5475,6.30374888714121e-05,"4307598.0, 4305634.0, 4309830.0, 4306540.0, 4305401.0, 4308869.0, 4310532.0, 4304908.0, 4306516.0, 4310656.0, 4307096.0, 4299192.0, 4304644.0, 4305416.0, 4313498.0, 4301892.0, 4301028.0, 4310661.0, 4305683.0, 4308105.0"
importance_estimate_per_node_method_multiplicative_noise,0.1,5,88008.7,0.06574972867965698,12611291689.86,0.020415759577439983,"4366185.0, 4360080.0, 4333008.0, 4283730.0, 4318702.0, 4279168.0, 4359386.0, 4251600.0, 4432216.0, 4204078.0, 4462260.0, 4092864.0, 4449566.0, 4485889.0, 4314073.0, 4207313.0, 4385403.0, 4219815.0, 4295452.0, 4050988.0"
importance_estimate_per_node_method_multiplicative_noise,0.1,100,21634.6,0.2825318217277527,1962358324.8600001,0.005041420271749137,"4330437.0, 4275004.0, 4364000.0, 4299483.0, 4227999.0, 4291707.0, 4296081.0, 4318325.0, 4300448.0, 4327093.0, 4363239.0, 4245284.0, 4296407.0, 4272902.0, 4291195.0, 4328493.0, 4215383.0, 4394825.0, 4260369.0, 4268990.0"
importance_estimate_per_node_method_multiplicative_noise,0.1,500,7752.05,0.5303225874900818,462629805.05,0.0017997568119365527,"4312931.0, 4340981.0, 4288672.0, 4309417.0, 4327685.0, 4337843.0, 4355674.0, 4292112.0, 4342879.0, 4290223.0, 4290960.0, 4328574.0, 4313296.0, 4318502.0, 4349688.0, 4303251.0, 4327175.0, 4297961.0, 4288612.0, 4296254.0"
importance_estimate_per_node_method_multiplicative_noise,0.1,1000,6015.05,0.6598870873451232,1702174501.7099998,0.0013936112852235714,"4193096.0, 4313543.0, 4316244.0, 4278265.0, 4279033.0, 4350353.0, 4255633.0, 4325488.0, 4314085.0, 4358453.0, 4294039.0, 4354731.0, 4367366.0, 4333759.0, 4317037.0, 4261370.0, 4290004.0, 4294740.0, 4281272.0, 4348163.0"
importance_estimate_per_node_method_multiplicative_noise,0.1,2000,4207.9,0.6586217045783996,1508441399.3474998,0.0009768369887958896,"4332157.0, 4338580.0, 4286399.0, 4362324.0, 4276978.0, 4290293.0, 4334876.0, 4290793.0, 4332989.0, 4233131.0, 4322512.0, 4269210.0, 4262238.0, 4291955.0, 4339029.0, 4329029.0, 4279153.0, 4275765.0, 4338023.0, 4400177.0"
importance_estimate_per_node_method_multiplicative_noise,0.1,3000,3159.6,0.5083781719207764,973479193.6475,0.0007351392191274727,"4290076.0, 4265886.0, 4299714.0, 4326698.0, 4229835.0, 4254793.0, 4288535.0, 4335134.0, 4275696.0, 4293952.0, 4333375.0, 4296080.0, 4273099.0, 4324229.0, 4280506.0, 4330096.0, 4329491.0, 4346540.0, 4332616.0, 4327700.0"
importance_estimate_per_node_method_multiplicative_noise,0.1,4000,2978.3,0.28754414319992067,1476262078.1475003,0.0006917739010740149,"4322133.0, 4286551.0, 4399743.0, 4250928.0, 4310875.0, 4287451.0, 4370071.0, 4306456.0, 4275607.0, 4270556.0, 4289388.0, 4346982.0, 4335791.0, 4305546.0, 4317404.0, 4247262.0, 4344423.0, 4312110.0, 4321257.0, 4257867.0"
importance_estimate_per_node_method_multiplicative_noise,0.5,5,539602.0,0.06529370546340943,382313766379.74744,0.1235746868130406,"5122782.0, 4598164.0, 3060654.0, 4829194.0, 3695710.0, 4509193.0, 4929242.0, 4751104.0, 4511372.0, 4463137.0, 5744448.0, 4715979.0, 4594411.0, 3558569.0, 4773119.0, 4058598.0, 4906889.0, 4526956.0, 4812423.0, 5645635.0"
importance_estimate_per_node_method_multiplicative_noise,0.5,100,109102.15,0.06240266561508179,58323481618.6275,0.025930226815867246,"4196700.0, 3965275.0, 3932996.0, 4364972.0, 4269001.0, 4284509.0, 4605318.0, 4520217.0, 4425742.0, 4494050.0, 3673232.0, 4273656.0, 4403215.0, 4199046.0, 4552056.0, 4168161.0, 4409620.0, 3879381.0, 4155392.0, 4025014.0"
importance_estimate_per_node_method_multiplicative_noise,0.5,500,41165.2,0.06276662349700927,19692369164.410004,0.009449453939538227,"4340748.0, 4428618.0, 4218762.0, 4442042.0, 4227639.0, 4202737.0, 4437304.0, 4166223.0, 4160297.0, 4608327.0, 4429917.0, 4219353.0, 4664449.0, 4214557.0, 4233121.0, 4239417.0, 4316012.0, 4467955.0, 4354417.0, 4274439.0"
importance_estimate_per_node_method_multiplicative_noise,0.5,1000,27873.95,0.07473458051681518,55408283007.2875,0.006560124352203989,"4449598.0, 4811742.0, 4323979.0, 4083665.0, 4099721.0, 4300612.0, 4440679.0, 4314590.0, 4557706.0, 4304363.0, 4293145.0, 3949549.0, 4288770.0, 4343591.0, 4258542.0, 3993710.0, 4184435.0, 4846096.0, 4199254.0, 3971598.0"
importance_estimate_per_node_method_multiplicative_noise,0.5,2000,26217.55,0.06988433599472046,21533667080.0275,0.00618860504179789,"4327340.0, 4177984.0, 4243982.0, 4287487.0, 4280693.0, 4263251.0, 4239011.0, 4367956.0, 4109678.0, 4345809.0, 3850219.0, 4077416.0, 4005584.0, 4525219.0, 4281441.0, 4228082.0, 4412209.0, 4165397.0, 4373071.0, 4212444.0"
importance_estimate_per_node_method_multiplicative_noise,0.5,3000,16668.85,0.06710580587387086,15484503125.839996,0.003768449823088136,"4458835.0, 4270864.0, 4677960.0, 4314722.0, 4376610.0, 4417847.0, 4523881.0, 4555355.0, 4567026.0, 4529851.0, 4425393.0, 4124490.0, 4349644.0, 4392868.0, 4360911.0, 4340868.0, 4379063.0, 4415884.0, 4253806.0, 4531370.0"
importance_estimate_per_node_method_multiplicative_noise,0.5,4000,15945.9,0.03316894769668579,36807264100.49,0.0037914054746204717,"4432628.0, 4589373.0, 4164325.0, 4325882.0, 4463708.0, 3880450.0, 3993505.0, 4345644.0, 4297596.0, 4143037.0, 4440781.0, 4502517.0, 4425429.0, 4126000.0, 4225365.0, 3884808.0, 4129019.0, 4183370.0, 4321287.0, 4252858.0"
importance_estimate_per_node_method_multiplicative_noise,1,5,899005.85,0.06740812063217164,960330677734.2601,0.21624379883195352,"2573699.0, 2085237.0, 3649989.0, 3541287.0, 4424658.0, 4680047.0, 3394958.0, 3114410.0, 4543694.0, 3311476.0, 2546768.0, 5521042.0, 5019454.0, 3952256.0, 3981910.0, 2410224.0, 3285158.0, 2745874.0, 3569946.0, 5496277.0"
importance_estimate_per_node_method_multiplicative_noise,1,100,204120.0,0.06373786926269531,113823931585.24748,0.047609272683604806,"3873316.0, 4234776.0, 4194389.0, 4147367.0, 4654326.0, 3710609.0, 3959784.0, 4733791.0, 4841958.0, 4700518.0, 4260165.0, 4552613.0, 4336183.0, 4129848.0, 4651909.0, 4330601.0, 4046929.0, 3697446.0, 4663136.0, 4519475.0"
importance_estimate_per_node_method_multiplicative_noise,1,500,68778.55,0.06447160243988037,113608598374.62749,0.015816529057917132,"4467593.0, 4243388.0, 4713713.0, 5176413.0, 4289678.0, 3904888.0, 4665631.0, 4503872.0, 4301872.0, 4564213.0, 3848890.0, 4326837.0, 4518092.0, 3834829.0, 4557672.0, 3719786.0, 4211940.0, 4456130.0, 4218744.0, 4177482.0"
importance_estimate_per_node_method_multiplicative_noise,1,1000,74552.4,0.06314213275909424,116388070614.5275,0.017727437971899983,"3822530.0, 4135357.0, 4589715.0, 3784342.0, 3965070.0, 3954377.0, 4325671.0, 4403166.0, 4381225.0, 4713843.0, 4337123.0, 4027434.0, 3581299.0, 4830959.0, 4010357.0, 4631767.0, 4686038.0, 4293117.0, 4585399.0, 4428708.0"
importance_estimate_per_node_method_multiplicative_noise,1,2000,37627.75,0.06506912708282471,162893371315.1275,0.008728847234277958,"4484656.0, 4504405.0, 5120057.0, 3731332.0, 4161463.0, 4059775.0, 4129410.0, 4691349.0, 4099993.0, 5093445.0, 3993877.0, 3740493.0, 4753177.0, 4028866.0, 4049086.0, 4601762.0, 4488571.0, 3990667.0, 4761685.0, 4007714.0"
importance_estimate_per_node_method_multiplicative_noise,1,3000,29680.85,0.06651817560195923,93875317368.4875,0.007079979756862991,"4518144.0, 4043376.0, 4231104.0, 3975959.0, 4413026.0, 3781275.0, 4181749.0, 4222141.0, 4442769.0, 3938469.0, 4921350.0, 4853113.0, 4198841.0, 4468609.0, 4118687.0, 3967775.0, 4072162.0, 4074006.0, 4677824.0, 3943026.0"
importance_estimate_per_node_method_multiplicative_noise,1,4000,27724.55,0.03345657587051391,122839399033.71,0.006524209502407648,"4234073.0, 4587480.0, 4660474.0, 4177316.0, 4042640.0, 4590241.0, 4351014.0, 3930504.0, 3686376.0, 5006827.0, 4475544.0, 4278406.0, 4773841.0, 4248459.0, 4346144.0, 4300637.0, 4451816.0, 3587044.0, 4144929.0, 3801669.0"
estimate_variance_reduction_method_multiplicative_noise,0.01,5,8897.7,0.7953575015068054,126206352.13999999,0.0020665536504792495,"4296679.0, 4288846.0, 4294399.0, 4310508.0, 4312664.0, 4308409.0, 4314792.0, 4310561.0, 4328548.0, 4287428.0, 4291241.0, 4309898.0, 4295571.0, 4313525.0, 4310812.0, 4297447.0, 4300037.0, 4282002.0, 4307802.0, 4298203.0"
estimate_variance_reduction_method_multiplicative_noise,0.01,100,1941.85,0.8513566613197326,28828831.847500004,0.00045071907457934176,"4307209.0, 4310423.0, 4295559.0, 4312636.0, 4313302.0, 4309766.0, 4305047.0, 4315861.0, 4309498.0, 4310234.0, 4302879.0, 4312363.0, 4308377.0, 4304490.0, 4309553.0, 4296946.0, 4305783.0, 4317863.0, 4307546.0, 4307324.0"
estimate_variance_reduction_method_multiplicative_noise,0.01,500,1025.3,0.7128412008285523,7649273.94,0.00023804370778676584,"4303258.0, 4307226.0, 4309802.0, 4308113.0, 4301845.0, 4307181.0, 4307299.0, 4305980.0, 4306568.0, 4305747.0, 4310335.0, 4309077.0, 4309070.0, 4313265.0, 4311721.0, 4310061.0, 4303658.0, 4308238.0, 4305322.0, 4307002.0"
estimate_variance_reduction_method_multiplicative_noise,0.01,1000,641.95,0.7453505277633667,10083520.9,0.000149045812338561,"4307892.0, 4310762.0, 4310107.0, 4307588.0, 4303525.0, 4305330.0, 4305502.0, 4302840.0, 4307041.0, 4299652.0, 4302031.0, 4303620.0, 4310177.0, 4305302.0, 4312070.0, 4307118.0, 4309292.0, 4307674.0, 4304489.0, 4303548.0"
estimate_variance_reduction_method_multiplicative_noise,0.01,2000,473.15,0.6799474120140075,13200124.747499999,0.0001098742701701559,"4304144.0, 4307981.0, 4303506.0, 4302676.0, 4305851.0, 4310949.0, 4307835.0, 4307930.0, 4313053.0, 4302865.0, 4310070.0, 4308652.0, 4307996.0, 4302289.0, 4304675.0, 4307071.0, 4308352.0, 4310215.0, 4314598.0, 4300581.0"
estimate_variance_reduction_method_multiplicative_noise,0.01,3000,343.4,0.5379841208457947,4591179.14,7.972877601362577e-05,"4304686.0, 4307671.0, 4303185.0, 4308205.0, 4307277.0, 4307528.0, 4305526.0, 4305780.0, 4312418.0, 4308634.0, 4310057.0, 4306889.0, 4306273.0, 4304002.0, 4310441.0, 4307783.0, 4307144.0, 4309074.0, 4308028.0, 4307967.0"
estimate_variance_reduction_method_multiplicative_noise,0.01,4000,282.9,0.27494086027145387,12980218.8875,6.568146907124416e-05,"4305463.0, 4312046.0, 4309346.0, 4303044.0, 4306743.0, 4306768.0, 4313684.0, 4305468.0, 4305312.0, 4313348.0, 4313608.0, 4305221.0, 4311254.0, 4309679.0, 4306936.0, 4303024.0, 4302594.0, 4309019.0, 4302891.0, 4308117.0"
estimate_variance_reduction_method_multiplicative_noise,0.1,5,78569.95,0.07337026596069336,8452961260.959999,0.01826254203484077,"4427042.0, 4389865.0, 4293681.0, 4422542.0, 4312041.0, 4360860.0, 4478558.0, 4433205.0, 4315221.0, 4154035.0, 4166249.0, 4398033.0, 4314624.0, 4508113.0, 4457572.0, 4318443.0, 4350694.0, 4311631.0, 4277662.0, 4266465.0"
estimate_variance_reduction_method_multiplicative_noise,0.1,100,19892.55,0.07804380655288697,2254323717.8275003,0.004625300238503445,"4266078.0, 4248644.0, 4218856.0, 4334724.0, 4278444.0, 4220337.0, 4368416.0, 4284785.0, 4352200.0, 4340079.0, 4288863.0, 4277810.0, 4320183.0, 4339719.0, 4296877.0, 4371071.0, 4334274.0, 4291068.0, 4334336.0, 4214113.0"
estimate_variance_reduction_method_multiplicative_noise,0.1,500,11634.6,0.0721332311630249,1934618510.8474998,0.0026904317952654634,"4255308.0, 4294434.0, 4326699.0, 4304623.0, 4350141.0, 4293329.0, 4285523.0, 4286560.0, 4256760.0, 4412741.0, 4265393.0, 4358448.0, 4340052.0, 4413445.0, 4311737.0, 4277697.0, 4315435.0, 4354271.0, 4336843.0, 4332410.0"
estimate_variance_reduction_method_multiplicative_noise,0.1,1000,5814.45,0.073147714138031,1400594638.9899998,0.0013511145310287672,"4304139.0, 4294535.0, 4306223.0, 4388716.0, 4312061.0, 4315540.0, 4279898.0, 4301840.0, 4270031.0, 4316644.0, 4285178.0, 4295133.0, 4310631.0, 4301214.0, 4323266.0, 4294487.0, 4250783.0, 4351143.0, 4213213.0, 4231203.0"
estimate_variance_reduction_method_multiplicative_noise,0.1,2000,4636.9,0.07246007919311523,1502869513.3,0.0010749072330729166,"4307367.0, 4320832.0, 4257137.0, 4269131.0, 4305315.0, 4325273.0, 4319999.0, 4351952.0, 4369525.0, 4309405.0, 4256215.0, 4300253.0, 4283127.0, 4281232.0, 4368406.0, 4397979.0, 4360016.0, 4292381.0, 4342682.0, 4282633.0"
estimate_variance_reduction_method_multiplicative_noise,0.1,3000,3627.95,0.08222514390945435,776301309.1274998,0.0008401365030590851,"4336881.0, 4356213.0, 4354568.0, 4261850.0, 4309201.0, 4316862.0, 4293213.0, 4331941.0, 4274982.0, 4281637.0, 4327128.0, 4276787.0, 4338590.0, 4318497.0, 4308635.0, 4299430.0, 4339530.0, 4357279.0, 4313374.0, 4340765.0"
estimate_variance_reduction_method_multiplicative_noise,0.1,4000,2344.25,0.03496431112289429,1160036628.4475,0.0005440946372018313,"4336846.0, 4328671.0, 4330704.0, 4239698.0, 4328728.0, 4313166.0, 4264665.0, 4349699.0, 4285091.0, 4261276.0, 4370390.0, 4379796.0, 4305994.0, 4310835.0, 4309659.0, 4308760.0, 4338969.0, 4284833.0, 4310797.0, 4317064.0"
estimate_variance_reduction_method_multiplicative_noise,0.5,5,637816.85,0.0744667887687683,528053270499.74756,0.1477250520369343,"5476363.0, 3890955.0, 4545451.0, 5189990.0, 4289252.0, 3253026.0, 2745429.0, 3590691.0, 4339252.0, 4404727.0, 3799274.0, 3331711.0, 3879611.0, 3451457.0, 3656116.0, 3312125.0, 5578096.0, 3970411.0, 4066607.0, 4418565.0"
estimate_variance_reduction_method_multiplicative_noise,0.5,100,104879.05,0.24993882179260254,64669432043.73999,0.024502143429912877,"4162988.0, 4325098.0, 4459346.0, 4216407.0, 4447722.0, 4451894.0, 4736955.0, 4381932.0, 3990507.0, 4079442.0, 4559162.0, 4213527.0, 3791253.0, 3965924.0, 4718103.0, 4476855.0, 4765399.0, 4350401.0, 4234775.0, 4362502.0"
estimate_variance_reduction_method_multiplicative_noise,0.5,500,39381.95,0.4769670605659485,40990300100.39,0.009214558466959566,"4173485.0, 4095480.0, 4449585.0, 4204939.0, 4008737.0, 4510911.0, 4021719.0, 4504497.0, 4620254.0, 4568916.0, 4466168.0, 4254947.0, 4511641.0, 4300000.0, 4433000.0, 4322548.0, 3951120.0, 4085103.0, 4340011.0, 4086977.0"
estimate_variance_reduction_method_multiplicative_noise,0.5,1000,32507.85,0.6268755316734314,27661267512.409996,0.007688965971564844,"4069175.0, 4192826.0, 4541293.0, 4662407.0, 4286337.0, 4372932.0, 4261559.0, 4147903.0, 4237272.0, 4251740.0, 4429045.0, 4241347.0, 4239084.0, 4032479.0, 3962950.0, 4035289.0, 4108788.0, 4208242.0, 4228622.0, 4145476.0"
estimate_variance_reduction_method_multiplicative_noise,0.5,2000,21449.15,0.5850497245788574,38306787553.2275,0.005032942041542361,"4507110.0, 3923454.0, 4506322.0, 4089418.0, 4384568.0, 4076007.0, 4043569.0, 4155232.0, 4416921.0, 4279700.0, 4192198.0, 3938495.0, 4580584.0, 4388078.0, 4293488.0, 4229609.0, 3897671.0, 4384770.0, 4288024.0, 4245079.0"
estimate_variance_reduction_method_multiplicative_noise,0.5,3000,16336.8,0.509302270412445,30676271570.390003,0.0038000681325194617,"4318692.0, 4556234.0, 3859555.0, 4231675.0, 4394082.0, 4629721.0, 4162601.0, 4154236.0, 4274898.0, 4247268.0, 4257269.0, 4265969.0, 4225709.0, 4491709.0, 4238215.0, 4198306.0, 4066654.0, 4068697.0, 4460791.0, 4387041.0"
estimate_variance_reduction_method_multiplicative_noise,0.5,4000,19166.95,0.30138572454452517,39969361337.1275,0.0043983323135787945,"4282754.0, 4349878.0, 4108693.0, 4429428.0, 4049882.0, 4545596.0, 4192050.0, 4505938.0, 4090016.0, 4375632.0, 4448472.0, 4420032.0, 4597218.0, 4584452.0, 4237446.0, 4204092.0, 4234778.0, 4121809.0, 4427480.0, 4848637.0"
estimate_variance_reduction_method_multiplicative_noise,1,5,617449.35,0.06982011795043945,837309168804.2273,0.1463823285037706,"4711108.0, 5016757.0, 3588105.0, 3828635.0, 3326781.0, 2625250.0, 2753845.0, 3062382.0, 2534171.0, 3444551.0, 4492641.0, 4663702.0, 4318572.0, 5086979.0, 4155073.0, 4993769.0, 4861883.0, 5957678.0, 4638048.0, 3907443.0"
estimate_variance_reduction_method_multiplicative_noise,1,100,172611.55,0.06935273408889771,207913704663.11,0.03921452249348064,"3946678.0, 5029848.0, 4661549.0, 4480751.0, 4772308.0, 4341780.0, 4630081.0, 4839154.0, 5144336.0, 3594324.0, 4389555.0, 4695781.0, 4748380.0, 3931574.0, 5008362.0, 4597911.0, 4533246.0, 3525002.0, 3839883.0, 4604731.0"
estimate_variance_reduction_method_multiplicative_noise,1,500,86850.2,0.06584315299987793,239625950385.4875,0.020935943506809628,"4656263.0, 3521391.0, 4057720.0, 4580720.0, 4290811.0, 4316204.0, 5148469.0, 4026145.0, 4211244.0, 3249030.0, 4320920.0, 5005312.0, 4891780.0, 4691024.0, 4575942.0, 4498108.0, 4050606.0, 4239974.0, 3623236.0, 4943716.0"
estimate_variance_reduction_method_multiplicative_noise,1,1000,64271.05,0.20323572158813477,136807663397.94754,0.0154832216458853,"4894304.0, 4872729.0, 4499123.0, 4079411.0, 3486599.0, 4477609.0, 4768087.0, 3881067.0, 3831190.0, 3996533.0, 4470983.0, 3995403.0, 4060601.0, 4297378.0, 3849777.0, 4297200.0, 4527301.0, 4325455.0, 4115678.0, 4644171.0"
estimate_variance_reduction_method_multiplicative_noise,1,2000,54032.35,0.7912667870521546,138361920506.46002,0.01257259011336844,"4523277.0, 4751087.0, 4201054.0, 3942563.0, 4347283.0, 3861907.0, 4012238.0, 4470196.0, 5170889.0, 3925123.0, 4686509.0, 4780773.0, 3865102.0, 3785439.0, 4439422.0, 4346770.0, 4127815.0, 4430255.0, 4671381.0, 3933201.0"
estimate_variance_reduction_method_multiplicative_noise,1,3000,31545.95,0.7640443325042725,107060701890.2275,0.007402865930531424,"4688799.0, 4160516.0, 4471423.0, 4071935.0, 3859565.0, 4677514.0, 4295916.0, 3926259.0, 4270327.0, 4602576.0, 4412680.0, 4067415.0, 4973854.0, 4389141.0, 4621583.0, 3972266.0, 4423813.0, 4856124.0, 4204550.0, 3777151.0"
estimate_variance_reduction_method_multiplicative_noise,1,4000,20646.9,0.32546918392181395,110894138207.64001,0.004969630869365246,"4610622.0, 4248000.0, 3885775.0, 4441772.0, 4360572.0, 4289014.0, 4235679.0, 4367227.0, 4232681.0, 4899099.0, 3937075.0, 3838735.0, 3793348.0, 4288373.0, 3696748.0, 4472713.0, 3998555.0, 3988652.0, 3562087.0, 4584705.0"
estimate_variance_reduction_method_multiplicative_noise,5,5,3644463.35,0.4689862132072449,19653422401499.45,1.017215392401479,"4445821.0, 11201504.0, -77571.0, 173700.0, 5768128.0, 3497442.0, 8362154.0, 11562300.0, -1500730.0, 11978198.0, 7690366.0, 5467014.0, 1004774.0, 9060308.0, 11117493.0, 2346626.0, 7582827.0, 1230382.0, 13420487.0, 5241567.0"
estimate_variance_reduction_method_multiplicative_noise,5,100,930201.05,0.669602346420288,5253817980015.727,0.36887005400944606,"6328062.0, 6246160.0, 5791366.0, 7690564.0, 5785901.0, -169957.0, 3412339.0, 4427423.0, 2928604.0, -1392293.0, 6751092.0, 3104528.0, 5853900.0, 3341510.0, 3076402.0, 1241627.0, 5640310.0, 3337582.0, 5753105.0, 4432322.0"
estimate_variance_reduction_method_multiplicative_noise,5,500,467990.3,0.7050536036491394,3513603585375.5596,0.15775114364369108,"4028666.0, 5408552.0, 2147665.0, 4568091.0, 3242880.0, 5378412.0, 1707191.0, 5522419.0, 1611076.0, 6550238.0, 2748596.0, 4085730.0, 5311319.0, 5036285.0, 5367859.0, 7740045.0, 1287427.0, 8070049.0, 3219539.0, 4724125.0"
estimate_variance_reduction_method_multiplicative_noise,5,1000,327793.15,0.8137939095497131,3261555062192.8,0.12548283743695382,"5135329.0, 4200774.0, 2619767.0, 5285928.0, 4719423.0, 4970142.0, 1920310.0, 4109311.0, 3876480.0, 7988618.0, 73709.0, 2043879.0, 7122891.0, 5790540.0, 3552098.0, 5243049.0, 6105667.0, 3405749.0, 5358149.0, 5433507.0"
estimate_variance_reduction_method_multiplicative_noise,5,2000,184756.9,0.8878097772598267,1959097251912.6602,0.04958422540450226,"4683556.0, 3897951.0, 3013752.0, 6682205.0, 2509986.0, 5645911.0, 6400907.0, 5526497.0, 2836948.0, 5976895.0, 2084180.0, 4617348.0, 6233350.0, 6587945.0, 3269744.0, 3953961.0, 3130117.0, 4463179.0, 4349338.0, 4426614.0"
estimate_variance_reduction_method_multiplicative_noise,5,3000,123164.9,0.7937630891799927,2611436483956.21,0.04228132502605196,"5296633.0, 1066803.0, 2865907.0, 2783542.0, 2412511.0, 2568426.0, 4077846.0, 5227055.0, 3860914.0, 5473526.0, 5029002.0, 3391094.0, 7812687.0, 2225426.0, 4698197.0, 2352357.0, 3263164.0, 4793747.0, 1265359.0, 4986050.0"
estimate_variance_reduction_method_multiplicative_noise,5,4000,164045.2,0.6967920660972595,922136146825.5875,0.03495416640243378,"2885783.0, 7581138.0, 5409423.0, 4343649.0, 5828379.0, 4874125.0, 4935266.0, 4519392.0, 4468496.0, 5309122.0, 3665056.0, 5347833.0, 5611260.0, 5332209.0, 5821912.0, 4139421.0, 4590413.0, 5059340.0, 3819583.0, 5308335.0"
importance_estimate_per_node_method_gaussian_noise,10,5,23241.9,0.06278064250946044,1061181941.1475,0.022558017999850636,"1020960.0, 1032093.0, 1036765.0, 1058881.0, 1030443.0, 1002009.0, 984168.0, 1041499.0, 960143.0, 958666.0, 1048017.0, 1041055.0, 1029272.0, 1030339.0, 1024554.0, 1011523.0, 1098335.0, 1055594.0, 1064480.0, 1022225.0"
importance_estimate_per_node_method_gaussian_noise,10,100,11767.55,0.09011924266815186,256157157.0875,0.01142065103703179,"1029246.0, 1026916.0, 1047398.0, 996123.0, 1027790.0, 1023188.0, 1035209.0, 1061447.0, 1032779.0, 1054351.0, 1026454.0, 1060353.0, 1030563.0, 1030418.0, 1036915.0, 1041954.0, 1024765.0, 1052476.0, 1005901.0, 1026919.0"
importance_estimate_per_node_method_gaussian_noise,10,500,6334.35,0.06561853885650634,42531967.910000004,0.006148297897209514,"1038631.0, 1040464.0, 1042642.0, 1025353.0, 1028324.0, 1039423.0, 1030748.0, 1036378.0, 1036945.0, 1033798.0, 1034874.0, 1023606.0, 1027513.0, 1024670.0, 1029372.0, 1032802.0, 1033367.0, 1040706.0, 1043249.0, 1020849.0"
importance_estimate_per_node_method_gaussian_noise,10,1000,4999.1,0.0696499228477478,47431837.36,0.004851550042641724,"1028602.0, 1030164.0, 1038098.0, 1036210.0, 1028235.0, 1034429.0, 1029604.0, 1057321.0, 1032333.0, 1032756.0, 1027495.0, 1027230.0, 1032649.0, 1037996.0, 1037896.0, 1035949.0, 1025190.0, 1028375.0, 1033408.0, 1025736.0"
importance_estimate_per_node_method_gaussian_noise,10,2000,3559.45,0.20235084295272826,20241927.86,0.0034547208777300532,"1032632.0, 1031576.0, 1029604.0, 1024865.0, 1028188.0, 1033914.0, 1024602.0, 1029082.0, 1033733.0, 1021320.0, 1033657.0, 1031629.0, 1028505.0, 1035021.0, 1026541.0, 1031202.0, 1041869.0, 1025331.0, 1031152.0, 1026801.0"
importance_estimate_per_node_method_gaussian_noise,10,3000,4042.7,0.23760616779327393,21191169.9475,0.003923431207914217,"1033877.0, 1037363.0, 1045714.0, 1035106.0, 1027708.0, 1034234.0, 1032839.0, 1028909.0, 1027868.0, 1029394.0, 1033156.0, 1034938.0, 1033592.0, 1039235.0, 1029887.0, 1033436.0, 1024721.0, 1031659.0, 1036560.0, 1028945.0"
importance_estimate_per_node_method_gaussian_noise,10,4000,3280.55,0.12542041540145873,17553531.09,0.0031837233578180814,"1033688.0, 1030246.0, 1035279.0, 1031425.0, 1030307.0, 1028291.0, 1029003.0, 1036661.0, 1028070.0, 1024912.0, 1032549.0, 1024474.0, 1029759.0, 1040011.0, 1028295.0, 1026705.0, 1028750.0, 1029917.0, 1034889.0, 1038787.0"
importance_estimate_per_node_method_gaussian_noise,100,5,273718.05,0.06773215532302856,595105026282.4,0.265761809673522,"1014929.0, 1067335.0, 1034040.0, 946522.0, 1043027.0, 1027798.0, 1022046.0, 805017.0, 1027531.0, 1052171.0, 4314972.0, 167084.0, 1024381.0, 1030131.0, 1057357.0, 1095055.0, 397354.0, 936699.0, 1034602.0, 983149.0"
importance_estimate_per_node_method_gaussian_noise,100,100,318097.5,0.0720669984817505,596228952766.7274,0.3089965171818612,"943254.0, 1114734.0, 1144977.0, -2342243.0, 1449208.0, 1018267.0, 1115249.0, 696420.0, 1384770.0, 1605449.0, 831880.0, 1143946.0, 1057449.0, 972352.0, 963757.0, 1036344.0, 994651.0, 955780.0, 724796.0, 1002617.0"
importance_estimate_per_node_method_gaussian_noise,100,500,94821.45,0.06654976606369019,36210417551.247505,0.09212676436917319,"1039136.0, 1084267.0, 1018229.0, 1829702.0, 1144933.0, 1009755.0, 1230501.0, 1012672.0, 1126245.0, 1068772.0, 1018420.0, 1039966.0, 1044122.0, 1091212.0, 989407.0, 1012620.0, 972901.0, 969488.0, 852085.0, 926446.0"
importance_estimate_per_node_method_gaussian_noise,100,1000,63883.25,0.06935399770736694,5263665678.747499,0.06205551854033507,"1106031.0, 1124096.0, 1036856.0, 992290.0, 1061364.0, 1101842.0, 1104364.0, 1128956.0, 1056075.0, 1008674.0, 1119747.0, 1020314.0, 1174827.0, 970045.0, 866323.0, 1059061.0, 1010940.0, 933468.0, 1102706.0, 1048662.0"
importance_estimate_per_node_method_gaussian_noise,100,2000,52316.8,0.0709653615951538,4718668529.9475,0.050830691727086874,"985296.0, 992249.0, 1159936.0, 940082.0, 1002999.0, 1059709.0, 1045742.0, 1039688.0, 1048455.0, 1017091.0, 1012154.0, 962163.0, 1095463.0, 1063511.0, 1134640.0, 1086921.0, 963272.0, 1020230.0, 1047090.0, 844328.0"
importance_estimate_per_node_method_gaussian_noise,100,3000,27966.65,0.06620105504989623,1162824866.3875,0.027155809970499906,"1018696.0, 1070138.0, 1058665.0, 1061828.0, 1026477.0, 1029627.0, 1055077.0, 1016785.0, 1026476.0, 1040149.0, 1062850.0, 984906.0, 1156028.0, 1067089.0, 1051773.0, 1079173.0, 1021095.0, 1051444.0, 1015479.0, 1063420.0"
importance_estimate_per_node_method_gaussian_noise,100,4000,32416.0,0.03287733793258667,1765385719.5400002,0.03145775529785257,"1023745.0, 1050967.0, 1091343.0, 934028.0, 1043674.0, 1020789.0, 1041656.0, 995153.0, 1010825.0, 1059936.0, 1033807.0, 964375.0, 1042646.0, 1039150.0, 974775.0, 1054448.0, 1062351.0, 1080824.0, 1073472.0, 956928.0"
importance_estimate_per_node_method_gaussian_noise,500,5,1261682.8,0.06747894287109375,8216112597787.041,1.2151529395736038,"7234356.0, 1037023.0, 241438.0, -262591.0, 1119637.0, 2513180.0, 1009319.0, 305062.0, 1012916.0, 318283.0, 1635021.0, 1051930.0, 1209927.0, 1231268.0, 1011935.0, 1008511.0, 1942131.0, 1289449.0, 12657992.0, 1064285.0"
importance_estimate_per_node_method_gaussian_noise,500,100,714588.7,0.0649075984954834,1072226781429.8099,0.7018018955706821,"2142255.0, 1513767.0, 632313.0, 373718.0, 1802052.0, 628049.0, 761163.0, 783576.0, 2950003.0, 4571705.0, -132148.0, 900503.0, 924335.0, 1532501.0, 1118403.0, 760225.0, 2014471.0, 716376.0, 498230.0, 580677.0"
importance_estimate_per_node_method_gaussian_noise,500,500,439490.85,0.06780190467834472,336036950877.4899,0.4245105242741527,"1039105.0, 279766.0, 1984840.0, 1483713.0, 633259.0, 552294.0, 1454173.0, 577768.0, 778579.0, 2429709.0, 1164469.0, -281886.0, 925991.0, 498133.0, 1007576.0, 729954.0, 620252.0, 1242577.0, 859638.0, 1073628.0"
importance_estimate_per_node_method_gaussian_noise,500,1000,306364.3,0.06682957410812378,143931165462.13998,0.29991155467382397,"817282.0, 89230.0, 844962.0, 1200733.0, 342535.0, 802175.0, 1485709.0, 1244261.0, 1726642.0, 1258920.0, 1464519.0, 938017.0, 1268688.0, 1250761.0, 722222.0, 1245948.0, 1180363.0, 796909.0, 1242610.0, 950186.0"
importance_estimate_per_node_method_gaussian_noise,500,2000,197056.0,0.06765341758728027,51499270368.3275,0.1908988300555849,"902011.0, 1148786.0, 1432459.0, 1118531.0, 1235100.0, 656575.0, 896075.0, 1052566.0, 1357320.0, 1026310.0, 927261.0, 856667.0, 738763.0, 1153210.0, 873338.0, 1298757.0, 790462.0, 1249644.0, 631158.0, 861990.0"
importance_estimate_per_node_method_gaussian_noise,500,3000,183766.85,0.07026617527008057,70554070693.3875,0.17809701570630948,"1110845.0, 1089516.0, 1426380.0, 1506796.0, 1087918.0, 919364.0, 888532.0, 1369884.0, 1033792.0, 1125919.0, 1028870.0, 867621.0, 275518.0, 876644.0, 1024119.0, 1153750.0, 715518.0, 1009421.0, 1384972.0, 1001536.0"
importance_estimate_per_node_method_gaussian_noise,500,4000,195501.4,0.033523845672607425,62504907295.30998,0.18910058184104525,"1490412.0, 1496432.0, 990997.0, 1068302.0, 668820.0, 1111448.0, 1067561.0, 1388789.0, 810051.0, 663205.0, 1116715.0, 571873.0, 1096603.0, 1026005.0, 933654.0, 859779.0, 1191639.0, 1109346.0, 830834.0, 832481.0"
importance_estimate_per_node_method_gaussian_noise,1000,5,785017.45,0.06703423261642456,2312513828789.527,0.7447285454457189,"1707304.0, 93590.0, 1001453.0, 993825.0, -5939.0, 491554.0, -784579.0, 1065948.0, 1154545.0, 287320.0, 1091899.0, -5462355.0, 879590.0, 1165383.0, 1938220.0, 754341.0, 1525718.0, 1714423.0, 993098.0, 892659.0"
importance_estimate_per_node_method_gaussian_noise,1000,100,1015409.55,0.06604809761047363,4437598662889.847,0.9819540562768345,"133938.0, 800661.0, 1087258.0, -969582.0, 2597474.0, 1017180.0, 2251557.0, 1162884.0, 972738.0, 2494714.0, -7884787.0, 920844.0, 546561.0, 661643.0, 2027776.0, 241249.0, 328515.0, 886890.0, 1125614.0, 1015182.0"
importance_estimate_per_node_method_gaussian_noise,1000,500,1224689.25,0.06740623712539673,2604229704769.0474,1.182146361577645,"2282406.0, 2325133.0, -3126884.0, 3168173.0, 822261.0, 587375.0, 773806.0, 411413.0, 240507.0, 1923692.0, -94335.0, 4229828.0, 1952107.0, 1729808.0, 619362.0, 2245534.0, -680260.0, -1649074.0, 746769.0, 1502700.0"
importance_estimate_per_node_method_gaussian_noise,1000,1000,516128.55,0.08490976095199584,520609041468.04755,0.5057198391867723,"1032442.0, 581536.0, 1726777.0, 997005.0, 1049726.0, 213771.0, 3046194.0, 1753986.0, 636031.0, 513822.0, 923941.0, 1360679.0, -298803.0, 569476.0, 1172770.0, 1126719.0, 313097.0, 811984.0, 2168705.0, 1291531.0"
importance_estimate_per_node_method_gaussian_noise,1000,2000,480981.75,0.0696945071220398,484299600898.16003,0.4713790222008833,"1036845.0, -109470.0, 971622.0, 1334656.0, 1023517.0, 683347.0, 1570452.0, 105724.0, -949615.0, 566157.0, 1316070.0, 1443758.0, 1852157.0, 1235052.0, 1132175.0, -546947.0, 877085.0, 1154199.0, 978017.0, 1259723.0"
importance_estimate_per_node_method_gaussian_noise,1000,3000,562182.25,0.0889255166053772,509892215919.6476,0.5360698524406784,"1134467.0, 1720121.0, 1193946.0, 1188219.0, 776065.0, -199110.0, 802664.0, 1507555.0, 825083.0, -980598.0, 679713.0, 1136511.0, 820829.0, 679415.0, 959178.0, -325267.0, 271195.0, 1202446.0, 637283.0, -861796.0"
importance_estimate_per_node_method_gaussian_noise,1000,4000,455706.1,0.03305432796478271,287909796468.2275,0.45155425097483776,"1614492.0, 1749453.0, 968333.0, 1418286.0, 520105.0, 238133.0, 479241.0, 1540929.0, 1079265.0, 384185.0, 645911.0, 845559.0, 826339.0, 1442795.0, 1646917.0, 2196338.0, 1885979.0, 1562092.0, 901212.0, 1092573.0"
importance_estimate_per_node_method_gaussian_noise,2000,5,2678882.4,0.06820944547653199,20852966252664.156,2.5533890978060625,"-979332.0, 1375031.0, 2833187.0, 2013463.0, 3392077.0, 1699506.0, 800520.0, -999415.0, 974525.0, 1219618.0, 1770006.0, 1105787.0, 1056552.0, 7964443.0, -7134997.0, 3850205.0, 2318913.0, -14160868.0, 980564.0, -6540481.0"
importance_estimate_per_node_method_gaussian_noise,2000,100,1554394.05,0.06905338764190674,5833500237216.311,1.4991134033365747,"2279067.0, -2520665.0, 1925201.0, 1130980.0, -858810.0, 340714.0, 562183.0, 215601.0, 2594194.0, 2106422.0, 3964366.0, 2056888.0, 2014807.0, 1700648.0, -926202.0, 2728143.0, 1453618.0, 1243844.0, 1035825.0, -7718138.0"
importance_estimate_per_node_method_gaussian_noise,2000,500,1106582.5,0.06970971822738647,3365755082582.35,1.079541143341643,"2813662.0, 593263.0, 1724176.0, 2763607.0, 2317318.0, 2954888.0, 711712.0, -189994.0, 1286745.0, -6003848.0, 583918.0, 676367.0, 1744614.0, 2266817.0, 1282436.0, 1749101.0, 1008965.0, 1785847.0, 344838.0, 954358.0"
importance_estimate_per_node_method_gaussian_noise,2000,1000,751872.95,0.06808525323867798,768165728137.7274,0.7301629930322825,"1904639.0, 610828.0, 2882218.0, 1147759.0, 27187.0, 1069123.0, -165916.0, 2004885.0, 1355345.0, 1859863.0, 2258309.0, 1534623.0, 2851190.0, 160255.0, 996833.0, 1847061.0, 2705262.0, 1194533.0, 714266.0, 926624.0"
importance_estimate_per_node_method_gaussian_noise,2000,2000,894868.2,0.0678802490234375,1353013461972.1602,0.8894841917723438,"2488930.0, 759057.0, 738081.0, 4228345.0, 696803.0, 1235763.0, 1436404.0, 3540487.0, 1531304.0, 2160244.0, 707552.0, 2573007.0, 1575785.0, 1530825.0, -771709.0, -214714.0, 264050.0, 856197.0, 1096339.0, 724366.0"
importance_estimate_per_node_method_gaussian_noise,2000,3000,576379.8,0.06718416213989258,446653441433.6875,0.5396472882763884,"2141754.0, 1644045.0, 665905.0, 599004.0, 813940.0, 398144.0, 1510863.0, -58620.0, 2696946.0, 729675.0, 1254287.0, 1126314.0, 2277001.0, 1349856.0, 1457302.0, 1467029.0, 1608341.0, 1606832.0, 2000774.0, 776513.0"
importance_estimate_per_node_method_gaussian_noise,2000,4000,739489.85,0.03312040567398071,860841840961.71,0.7335098571043128,"-159832.0, 552810.0, 973458.0, 236316.0, 1503998.0, -332800.0, -529207.0, 2079439.0, 1079301.0, -802962.0, 1154007.0, -258318.0, 1464834.0, 551606.0, 722992.0, 2810772.0, 732959.0, 2287543.0, 811899.0, 1003959.0"
estimate_variance_reduction_method_gaussian_noise,10,5,16312.2565552491,0.6656787991523743,369361226.40469754,0.015829016662078636,"1015191.8307104311, 1024271.2280232393, 1012316.1777243431, 1008019.1308606626, 1040272.0936841322, 1019560.1922416772, 1063743.9900696094, 1023967.6351690422, 1004198.336945837, 1023983.0414001266, 1059315.7716680013, 1010232.0891575379, 1055494.2485402094, 1046382.9749407325, 1041099.1675481027, 1066842.1864553895, 1022618.84014354, 1056208.9657752446, 1030196.977254409, 1029553.7424544116"
estimate_variance_reduction_method_gaussian_noise,10,100,2769.870271389204,0.7227543115615844,10289824.553004673,0.002688651637954575,"1035667.178531889, 1024317.7259824608, 1026160.4808808822, 1030962.4764923747, 1031590.5755853144, 1027968.5779122094, 1030921.6972727785, 1032825.9710974103, 1027447.679888864, 1028967.7802907197, 1030937.0334809906, 1027293.83973624, 1024222.0043806639, 1025640.2493155994, 1027716.3618474747, 1028992.2636637947, 1029134.8312852853, 1030193.0988211129, 1033753.0590426945, 1023278.8897125865"
estimate_variance_reduction_method_gaussian_noise,10,500,1603.369639249961,0.7112080812454223,3083073.394593891,0.0015559027592922877,"1030239.9262612112, 1030013.0330262505, 1031886.2854176484, 1028576.7135193605, 1029260.8576248059, 1033439.8535148766, 1029292.4392871083, 1032882.9425425098, 1027889.8499285023, 1033288.522026519, 1030553.6218535979, 1029709.7386795777, 1031994.1615099631, 1031866.9830314983, 1030734.3263246384, 1032084.4104125769, 1033268.043178419, 1028841.6756552894, 1031967.4524774934, 1028109.6527549365"
estimate_variance_reduction_method_gaussian_noise,10,1000,959.6810776142404,0.726189911365509,883857.5580820369,0.000931488093380331,"1029706.705039204, 1031327.2139032126, 1031491.2681083415, 1029836.7655279207, 1030760.1566258456, 1028996.9134276033, 1031594.1731959023, 1030289.5100512156, 1030727.9812437501, 1031054.9533653054, 1031480.6758103655, 1031645.1877427795, 1030262.9398979513, 1032096.5112859501, 1031857.9900604706, 1029214.3897909852, 1032229.1144562246, 1030411.5446747582, 1029776.2513644844, 1030000.6738212566"
estimate_variance_reduction_method_gaussian_noise,10,2000,821.1328132650175,0.6877756714820862,1142608.8522191762,0.0007968297789354439,"1030668.096398762, 1029954.7334442795, 1030649.4269753499, 1029686.520788345, 1031707.9670410942, 1029306.155473079, 1029564.0446174317, 1031348.026987473, 1032365.3878880427, 1032372.6760828843, 1030630.4164179872, 1031332.1806267732, 1031701.169991304, 1030328.3845262239, 1029081.1690199802, 1029206.7193965305, 1028665.9348843266, 1030886.1807819754, 1029634.6542124158, 1029959.325616181"
estimate_variance_reduction_method_gaussian_noise,10,3000,543.2635091232951,0.5160353183746338,546705.2744844662,0.0005272305913283432,"1031518.6740100734, 1030206.6783063221, 1029232.3405884301, 1030674.8963703527, 1029899.5221977445, 1029469.0844126064, 1031961.4463279737, 1029910.6808340676, 1031474.9673232045, 1030644.394678509, 1029821.050108272, 1030317.8988612265, 1030111.4363486603, 1031126.1102969894, 1029904.7105536453, 1030608.6497591691, 1029106.3226327117, 1030260.9953366239, 1029998.7642279878, 1029873.1290526586"
estimate_variance_reduction_method_gaussian_noise,10,4000,416.1838161685038,0.29028102159500124,429896.9279376032,0.00040390567386677605,"1030149.2330588665, 1031465.6571178708, 1029418.2242288286, 1029532.8161287145, 1031010.5461952267, 1029787.4192328728, 1030474.6442986528, 1028970.222732915, 1029662.4823225336, 1030211.5834829304, 1031078.3574024863, 1030178.4186923617, 1030824.2966351979, 1030424.0309129948, 1031020.8372859178, 1029435.509747692, 1030656.5243302159, 1029599.1725923414, 1030627.8706217605, 1030439.3174052305"
estimate_variance_reduction_method_gaussian_noise,100,5,149186.67855703135,0.07333586215972901,29642578302.263344,0.1447084668114244,"1160723.707677158, 1087076.2984296985, 908466.3759237448, 785586.545318252, 923271.1481895819, 1292108.239536735, 910734.7378318062, 1093799.4366962411, 927651.4751619649, 777673.9830865421, 1350943.3559718665, 1064737.0572684752, 1366590.3430257232, 940421.3150533504, 927449.4563271439, 1255283.5803260275, 905389.1736770985, 1067383.661683614, 1191501.5258928782, 1103024.5752016944"
estimate_variance_reduction_method_gaussian_noise,100,100,26489.097117314966,0.06509894132614136,1007074150.5942075,0.025710287880201892,"1022638.8796816742, 1044449.8260836544, 1006754.7944865418, 1035421.1707470102, 1040096.4968728153, 1033596.2272932603, 1001021.6000604489, 1056295.43697948, 1050627.9351576294, 1035382.9079195411, 1074608.891841335, 1019552.5238020715, 1077283.5857179656, 1054935.2936251618, 1074167.0118599383, 1033548.3344662781, 955301.7877984896, 1094962.629326383, 1059503.3272513503, 1083161.907620243"
estimate_variance_reduction_method_gaussian_noise,100,500,10629.347989548685,0.24571770429611206,176082201.6922442,0.010327359944162265,"1034996.3785756077, 1009167.4154920842, 1036714.1616000589, 1009203.549950373, 993976.876260676, 1042715.6207314003, 1033178.9271877924, 1035279.1977805039, 1020331.3569509612, 1006504.1974505257, 1044457.763388976, 1022910.815718838, 1017541.6657916085, 1028653.2455030697, 1024007.9402119456, 1037675.7161175562, 1030863.7791644958, 1042211.7921506638, 1023703.5064701597, 1019134.0499546243"
estimate_variance_reduction_method_gaussian_noise,100,1000,11705.595196970151,0.6440003991127015,193877748.41964024,0.011357340244060541,"1050706.326224669, 1037022.3170152031, 1044256.6156929623, 1013720.3305986812, 1009137.5495808944, 1021351.4086081531, 1009319.1122377268, 1026069.2242132776, 1032479.3444118085, 1019037.241901681, 1030016.5172779163, 1046420.190624977, 1013023.1940848, 1026966.7111886885, 1027877.151826276, 1033957.7098960335, 1029399.8996754669, 1047450.5936396084, 1018873.577130463, 1058924.0753733984"
estimate_variance_reduction_method_gaussian_noise,100,2000,4679.119671126612,0.6569999933242798,57183211.96878549,0.004533460027795125,"1011309.2909136683, 1026119.7217753051, 1025319.8930201294, 1024770.40203088, 1028522.0026921355, 1041464.863265094, 1025510.429692754, 1031501.9909715712, 1039099.3811997328, 1047674.5238909788, 1037811.1488979482, 1033959.3398687543, 1026189.522206037, 1028206.855214214, 1032903.1903058012, 1028748.495634775, 1035883.2525791746, 1025817.8837860101, 1026211.2727309737, 1027044.4083956325"
estimate_variance_reduction_method_gaussian_noise,100,3000,6071.734295026166,0.5898071169853211,80181136.90697797,0.00589271328152133,"1019341.1113775326, 1011208.7989844998, 1034537.053808848, 1025685.2917683827, 1034207.9917217634, 1046746.8024745296, 1016397.8347576809, 1024350.5632970013, 1028981.7098891382, 1015596.7213247899, 1036814.6259197132, 1024095.4977250336, 1034592.4969334289, 1019602.59158009, 1036736.4731058836, 1031151.7509645686, 1024145.1195628749, 1033623.6163174292, 1034294.3406026129, 1039550.3484073511"
estimate_variance_reduction_method_gaussian_noise,100,4000,3705.529260989744,0.31879616975784303,58336194.26426289,0.0035970445470386624,"1025440.902780889, 1023995.5127817764, 1035881.950435053, 1038139.3192472756, 1042599.2919920926, 1028472.9291647938, 1028328.5688755716, 1013100.014072422, 1040317.0965176633, 1034901.0112005441, 1030895.5066533405, 1033101.9743141104, 1023099.7824912638, 1036211.1117268372, 1030579.2186287733, 1042500.4528786835, 1036989.4505674393, 1021040.9319605274, 1025109.9168786464, 1038004.2366876137"
estimate_variance_reduction_method_gaussian_noise,500,5,723524.1478242474,0.3360158920288086,671416567493.9432,0.6973488449558607,"2536941.0769394706, 1628075.7567441035, 2196660.6653848477, 361980.2754241303, 2212914.328407053, 2630134.5764082302, 473537.47820849414, 1047174.4092579327, 1991282.0708881412, 548526.6183406174, 1537830.08396402, 901681.1780911054, 619201.8437740973, 836067.0458263796, 549541.7682353852, 558623.2361777148, 1199368.8455005316, 2842654.838113801, 317671.02008296875, 1928574.7690377112"
estimate_variance_reduction_method_gaussian_noise,500,100,140250.4755108446,0.6224835038185119,28990011973.223793,0.13656260623326358,"1259440.7857801078, 1037672.3496320314, 778458.5532342716, 1114002.2998663678, 1012995.9896461169, 918909.8549699873, 787580.9950297201, 1228558.7510955653, 1246580.6023515814, 1141354.927346085, 1226064.6319974926, 996229.7047052854, 1115937.1045096407, 876562.0905594194, 1004610.2442170167, 775379.347668509, 821412.9191229093, 998256.3089691898, 927310.0828172369, 688957.1521582546"
estimate_variance_reduction_method_gaussian_noise,500,500,41703.2064753007,0.7081175565719604,3700889208.953355,0.04096233516049154,"1066780.9550894143, 1051459.2511509962, 1050422.5134169667, 999204.5322479432, 1079445.1767474662, 1006185.8455119751, 1047447.7689230231, 1066408.1457808989, 977400.0637871296, 987374.3985267527, 1023363.075444413, 1196203.1279542595, 864091.6548901811, 988973.6280580611, 1083356.596569712, 1046591.612697349, 1055821.3121143081, 1070417.761972211, 1030477.824730211, 1026638.2908331536"
estimate_variance_reduction_method_gaussian_noise,500,1000,51605.986469006355,0.7749676465988159,3528590272.534672,0.04982514343487353,"961641.585832961, 974599.1150691914, 922660.0561607085, 1031085.3496128098, 1190331.1594743738, 969773.5867619287, 1013150.2894272319, 978026.4216964348, 1065003.529966904, 953635.4298762744, 1077115.0741328865, 1015570.9565438075, 1035316.4939848398, 1044624.3324818149, 1060418.0604867642, 962835.2448352673, 1010828.165224345, 971598.3474843398, 984568.8176097445, 944230.1793559663"
estimate_variance_reduction_method_gaussian_noise,500,2000,32477.933169379743,0.7260139346122741,1510677546.5872939,0.03153988356686023,"1008255.1355819795, 1048751.888768751, 1002301.3555833, 1068289.2002013968, 1044677.1731779407, 1050734.8376062426, 1037577.3668936127, 1083903.4894644718, 1028434.2029720946, 978308.0044335607, 983379.8331297832, 1006281.1874451443, 972793.7895471142, 991445.9735507094, 1017686.099574786, 973780.7426038227, 971047.4379964708, 1045453.2125701531, 1113572.116889246, 1000731.0682533168"
estimate_variance_reduction_method_gaussian_noise,500,3000,27637.068266564584,0.4997065424919128,1566135042.007996,0.026990073880490174,"1083012.7004777635, 927184.1492259445, 1025641.5042271226, 1008084.4136289685, 1067347.0012488675, 1099134.0737697333, 995057.0407859652, 1035387.3644375288, 1074640.7217113436, 987220.888728158, 989568.7078400635, 1030350.1273365257, 1045456.7633644473, 993241.610833783, 1004117.2907684318, 1031377.3429015687, 1017704.0010128636, 1064913.3298577461, 1051602.5634341217, 1004083.0136593188"
estimate_variance_reduction_method_gaussian_noise,500,4000,32187.6150250755,0.23868101835250854,1698923245.9076998,0.031014559589137652,"1025248.3818186839, 1044748.3434316274, 1056666.8031748268, 978571.0550996698, 977767.9179961927, 989140.5578647944, 1009086.0795843716, 1070020.908780981, 1033691.2481288332, 1076086.3618618648, 1030164.7915913813, 993747.7450996157, 996013.6820023772, 1083989.2664552128, 1049903.0047295338, 1068210.8544308897, 1108447.2092038249, 1110141.042783609, 1089550.8777743855, 1008876.17283436"
estimate_variance_reduction_method_gaussian_noise,1000,5,1068217.2380040288,0.04354647397994995,1906225909396.8022,1.058706795086724,"-292726.7983998135, 2238675.0461997674, 1993914.6748145588, -2677622.598026275, 1604852.489374522, -1066556.9317889467, -145363.4104721731, 1709595.5218606677, 1259786.0776663816, -350814.50921165786, 508686.9784236005, 2784470.4022435606, 1030005.2562943661, 856099.7762920699, 3612010.450662769, 1261435.5169923392, -215775.87070514882, 1489640.5513196567, 682586.8325950434, 300803.2460525812"
estimate_variance_reduction_method_gaussian_noise,1000,100,390469.7525951651,0.07399507761001586,228953825520.73065,0.3791466768477788,"762736.8424724179, -245805.72440616894, 1387785.9201221988, 1307210.4567565296, 1415135.3100079608, 647571.6624364625, 1302637.139451341, 419725.75345502427, 1504697.6494851664, 1881549.6385310728, 1088852.282442347, 863432.4944159958, 1486408.33355862, 974797.7179137855, 613693.6220329165, 1221957.3463088667, 1291025.3220170136, 425652.4623340269, 793151.5770199447, 1238571.0608965892"
estimate_variance_reduction_method_gaussian_noise,1000,500,152552.3030505378,0.10951704978942871,38463109792.67818,0.14787338222645333,"727530.9493860094, 1016609.8149893144, 1119668.4038496895, 1103485.4565391426, 1223700.5176675557, 780877.6666625518, 926880.6943687134, 927299.9248691616, 992658.4945011964, 1291876.27051067, 1009798.8852174683, 823477.7658232799, 795401.3504899666, 1368285.1965866082, 506418.2121249759, 1130553.9777227505, 1049721.1035056938, 1065957.2958499426, 1017837.8567264137, 990802.5460622458"
estimate_variance_reduction_method_gaussian_noise,1000,1000,109141.94319837794,0.0703006386756897,18172941950.564575,0.10749803415439263,"736813.9218982669, 1277559.026411291, 1020031.3232497605, 1160980.315042743, 1063406.364777146, 1098500.8412614213, 982904.7298961557, 1236985.7210388246, 936139.682009507, 1084653.3023676637, 973989.576710166, 1301149.8203550465, 1235660.720483392, 990708.7476907592, 1105124.6381222003, 1174856.3782594258, 1035765.3082081773, 892771.5072995924, 1129126.6707823363, 1068337.328666869"
estimate_variance_reduction_method_gaussian_noise,1000,2000,68765.41608931887,0.909215259552002,9256090987.675297,0.06657182894410575,"1014437.0315131582, 1085397.1181487825, 995822.6466420968, 988707.0380097125, 1095152.4508233974, 945603.0962058757, 1153881.9336635328, 966121.7831950685, 984891.738332572, 1089291.6676389298, 892134.477268746, 1005187.3284474217, 1022352.6679088664, 898534.7022404036, 1247820.1703694037, 1204145.9215624158, 1174193.0520649864, 1033354.4914171553, 984301.5428193664, 1128873.505654745"
estimate_variance_reduction_method_gaussian_noise,1000,3000,65575.06091585502,0.45460488796234133,7587186255.194281,0.06465373353712821,"865178.3530176549, 983232.3015116719, 1047268.7211609524, 982134.9854519496, 987194.4732666261, 953932.2011259425, 1107211.8670613158, 1191650.8905023201, 948883.6491676499, 1068394.2898097658, 965837.1360798677, 1092841.0768212953, 894461.515590026, 1028073.7449627499, 935048.9890812514, 1008354.8804703694, 1099299.9997546508, 947759.0800498578, 817284.5637036203, 1032398.9309543376"
estimate_variance_reduction_method_gaussian_noise,1000,4000,43929.27412256155,0.29432976245880127,3182105072.875095,0.04253106348601582,"1019027.1879553905, 1048397.2359167918, 957926.3019318838, 1028950.9501155202, 1004754.0869499504, 1031946.2137903953, 1030340.5439661848, 1083759.9242523278, 918822.9087630366, 1143817.5026919919, 1039584.5109427813, 985866.277768238, 910356.3166373115, 1011993.3131165315, 1060789.0420508715, 1028883.2926431572, 1097370.2244197887, 1081719.6079306777, 968236.3811156809, 1059526.887405796"
estimate_variance_reduction_method_gaussian_noise,2000,5,3358712.158814485,0.07211254835128784,17339461810893.541,3.3094605791799383,"-3219517.0991965905, 1701600.6631113945, -2643259.189094275, 1368556.0261496285, 4632848.116197338, -3305752.2681697416, 11925551.006186277, -3469389.132800367, 1828845.2453651417, 3170866.461212711, -5089800.265681035, -4665098.583855671, -2293922.4361178614, 1996036.9780382414, 7327516.07090852, -1553241.4843481577, 3825020.9048199183, 1720291.3618804647, -252155.75216459017, -1047656.1309917836"
estimate_variance_reduction_method_gaussian_noise,2000,100,655346.501772112,0.07553786039352417,599079182609.921,0.6242775154406948,"1502336.8505736373, 1042214.3735315456, 1784459.2346053931, 621058.8972843509, 701529.9287689937, 820411.5765270522, 503426.3806428742, 1728818.9966043367, 2826205.7211232088, 544429.4865898924, 439538.22066166037, -263739.52459655766, -198669.13897849075, 1054340.2985986779, 1476409.1021710231, 665826.6477675423, -586745.657359959, 1268227.8119957305, 190100.93620460154, 676410.853186262"
estimate_variance_reduction_method_gaussian_noise,2000,500,278009.9468800605,0.07346556186676026,121738018407.74051,0.28274683797539707,"1599964.585558119, 178792.0983024831, 1116593.7015456602, 1176429.3195063963, 714268.3821407771, 1522989.354045112, 835932.9858962963, 1474391.2192301888, 1529793.9694989335, 1185341.769806895, 863393.2965515149, 1438717.7900806963, 1120275.532719321, 1403512.5002675506, 852078.3578959751, 1025162.7321196813, 994597.8222217271, 833634.8846114087, 1353000.1982567708, 1485868.4481426124"
estimate_variance_reduction_method_gaussian_noise,2000,1000,199533.84041626583,0.07697834968566894,71735835659.87839,0.19111467017900513,"1220684.7226382506, 781242.7540555956, 1183512.385929139, 1153959.5635078428, 868740.7139585622, 807052.7005211784, 1334518.4671501485, 1171396.8233153874, 683217.0339966336, 909120.0720964866, 898328.3865006389, 895171.9959262192, 749868.2819422284, 671615.0707830313, 1214310.7953473767, 1685660.309795188, 1475142.0543776017, 1032313.4935155376, 915727.9242162557, 789164.8862232509"
estimate_variance_reduction_method_gaussian_noise,2000,2000,179737.88903853676,0.06810469627380371,36643262168.35958,0.1719313458012573,"896670.060371399, 1305692.6471610432, 1259963.7888103654, 1134091.6715586293, 1202940.3148234563, 1189334.2869524604, 1321751.1967074636, 1339995.7446173453, 827215.7621840445, 742165.3257990779, 993380.233308095, 1184963.1630044861, 894080.7806308988, 1171478.111082141, 997365.0385814601, 879671.3761604334, 768450.0386167602, 1120081.7647328295, 787397.1402504839, 1104760.7700602475"
estimate_variance_reduction_method_gaussian_noise,2000,3000,142260.68132272418,0.06287986040115356,24976408365.16285,0.1360787413318995,"822674.3853085772, 950657.3954519397, 867631.9473483575, 1042819.15974988, 875176.1893424895, 798172.6298643425, 1146880.7770811294, 929470.0062975917, 543551.055449327, 1101304.974282162, 898053.6678797415, 889129.816490218, 1117462.7958462432, 902397.2468683999, 1036191.3117687354, 1267065.7710867033, 810149.3152314605, 1070378.4701784754, 1023412.2646552031, 780647.1494567752"
estimate_variance_reduction_method_gaussian_noise,2000,4000,116686.00861864902,0.03181089162826538,23033483726.190773,0.11265723966015832,"1228486.1627552852, 1005295.4463328598, 1007538.558948768, 1313853.7326225685, 1078050.535704696, 1124614.435719701, 955840.3134182193, 649142.1685538152, 1158663.7287488368, 1106849.7331243837, 1135407.0863046544, 849661.1988055384, 1164475.0657361813, 1062818.3319787348, 1011624.5203490591, 925131.4936185885, 1122383.9374962582, 783526.2159666818, 930758.5504760753, 1079926.9494974227"
